team_id,team_name,id_player,descrizione_player,unnamed:_4,id_player.1,player,unnamed:_7,unnamed:_8,unnamed:_9
T1,Team A,k0az,Aleksandar Kovacevic,,t0k4,Aadarsh Tripathi,,t0k4,VERO
T1,Team A,m0qi,Alex Michelsen,,f0hu,Aaron Funk,,f0hu,VERO
T1,Team A,dh58,Alex de Minaur,,g0m3,Aaron Gil Garcia,,g0m3,VERO
T1,Team A,s0h2,Alexander Shevchenko,,w0dz,Aaron James Williams,,w0dz,VERO
T1,Team A,z355,Alexander Zverev,,u0ao,Abdulaziz Usmonjonov,,u0ao,VERO
T1,Team A,p09z,Alexei Popyrin,,s0nv,Abdullah Shelbayh,,s0nv,VERO
T1,Team A,re44,Andrey Rublev,,f0gs,Abel Forger,,f0gs,VERO
T1,Team A,f0f1,Arthur Fils,,sy73,Abhinav Sanjeev Shanmugam,,sy73,VERO
T1,Team A,rc91,Arthur Rinderknech,,b0vq,Achilles Belkovics,,b0vq,VERO
T1,Team A,va08,Andrea Vavassori,,f0h7,Adam Farag Cao,,f0h7,VERO
T2,Team B,s0s1,Ben Shelton,,s0wu,Adam Gabor Szoke,,s0wu,VERO
T2,Team B,pd31,Benoit Paire,,h0d1,Adam Heinonen,,h0d1,VERO
T2,Team B,v812,Botic van de Zandschulp,,j0ei,Adam Jilly,,j0ei,VERO
T2,Team B,n0ae,Brandon Nakashima,,l0ly,Adam Lynch,,l0ly,VERO
T2,Team B,n771,Cameron Norrie,,m0rn,Adam Majchrzak,,m0rn,VERO
T2,Team B,u182,Camilo Ugo Carabelli,,w09e,Adam Walton,,w09e,VERO
T2,Team B,a0e2,Carlos Alcaraz,,f0bj,Adan Freire Da Silva,,f0bj,VERO
T2,Team B,rh16,Casper Ruud,,g0mi,Adhithya Ganesan,,g0mi,VERO
T2,Team B,bu13,Zizou Bergs,,k0ab,Adil Kalyanpur,,k0ab,VERO
T2,Team B,o483,Christopher O'Connell,,s0rd,Adit Sinha,,s0rd,VERO
T3,Team C,mw02,Corentin Moutet,,v0gi,Aditya Vishal Balsekar,,v0gi,VERO
T3,Team C,s0gd,Dalibor Svrcina,,k0c5,Admir Kalender,,k0c5,VERO
T3,Team C,d923,Damir Dzumhur,,v0dp,Adolfo Daniel Vallejo,,v0dp,VERO
T3,Team C,ae14,Daniel Altmaier,,s0bt,Adria Soriano Barrera,,s0bt,VERO
T3,Team C,va25,Valentin Vacherot,,v0ki,Adria Velazquez Farre,,v0ki,VERO
T3,Team C,mm58,Daniil Medvedev,,a0ab,Adrian Andreev,,a0ab,VERO
T3,Team C,gb88,David Goffin,,a0in,Adrian Arcon,,a0in,VERO
T3,Team C,su55,Denis Shapovalov,,b0c0,Adrian Boitan,,b0c0,VERO
T3,Team C,l987,Dusan Lajovic,,me82,Adrian Mannarino,,me82,VERO
T3,Team C,rh24,Emil Ruusuvuori,,o656,Adrian Oetzbach,,o656,VERO
T4,Team D,n0am,Emilio Nava,,b0ln,Adrien Burdet,,b0ln,VERO
T4,Team D,q02l,Ethan Quinn,,g0i2,Adrien Gobat,,g0i2,VERO
T4,Team D,m0ci,Fabian Marozsan,,r0mr,Agassi Rusher,,r0mr,VERO
T4,Team D,pl56,Tommy Paul,,s1c5,Agustín Salazar Salazar,,s1c5,VERO
T4,Team D,ag37,Felix Auger-Aliassime,,z0cc,Ahmed Zaki,,z0cc,VERO
T4,Team D,c0e9,Flavio Cobolli,,k0hz,Aidan Kim,,k0hz,VERO
T4,Team D,td51,Frances Tiafoe,,m0nb,Aidan Mayo,,m0nb,VERO
T4,Team D,ea24,Tomas Martin Etcheverry,,m0cw,Aidan McHugh,,m0cw,VERO
T4,Team D,c0au,Francisco Cerundolo,,s0hz,Ainius Sabaliauskas,,s0hz,VERO
T4,Team D,c0df,Francisco Comesana,,m0ox,Ajay Malik,,m0ox,VERO
T5,Team E,d0f6,Gabriel Diallo,,r0dc,Ajeet Rai,,r0dc,VERO
T5,Team E,mc65,Gael Monfils,,sq80,Akira Santillan,,sq80,VERO
T5,Team E,m0gz,Giovanni Mpetshi Perricard,,t0jo,Alaa Trifi,,t0jo,VERO
T5,Team E,m0fh,Tomas Machac,,a09p,Alafia Ayeni,,a09p,VERO
T5,Team E,d875,Grigor Dimitrov,,b0jf,Alan Bojarski,,b0jf,VERO
T5,Team E,m0jf,Hamad Medjedovic,,rh88,Alan Fernando Rubio Fierros,,rh88,VERO
T5,Team E,r0dg,Holger Rune,,m0hd,Alan Magadan,,m0hd,VERO
T5,Team E,hb71,Hubert Hurkacz,,s0bb,Alan Raul Sau Franco,,s0bb,VERO
T5,Team E,g09o,Hugo Gaston,,w0f8,Alan Wazny,,w0f8,VERO
T5,Team E,b0id,Ignacio Buse,,g0ao,Alastair Gray,,g0ao,VERO
T6,Team F,d0co,Jack Draper,,p0mn,Albert Pedrico Kravtsov,,p0mn,VERO
T6,Team F,f0by,Jacob Fearnley,,r772,Albert Ramos-Vinolas,,r772,VERO
T6,Team F,m0ni,Jakub Mensik,,bu36,Alberto Barroso Campos,,bu36,VERO
T6,Team F,d994,James Duckworth,,b0g9,Alberto Bronzetti,,b0g9,VERO
T6,Team F,a0gc,Terence Atmane,,l0a0,Alberto Lim,,l0a0,VERO
T6,Team F,sl28,Jan-Lennard Struff,,a0fr,Alberto Odiseo Alvarado Berrospi,,a0fr,VERO
T6,Team F,s0ag,Jannik Sinner,,sf41,Aldin Setkic,,sf41,VERO
T6,Team F,mu94,Jaume Munar,,b0iy,Alec Beckley,,b0iy,VERO
T6,Team F,b0cd,Jenson Brooksby,,d0d2,Alec Deckers,,d0d2,VERO
T6,Team F,z0cn,Jeremy Zhang,,dh50,Alejandro Davidovich Fokina,,dh50,VERO
T7,Team G,d0c1,Jesper de Jong,,g0bj,Alejandro Garcia Carbajal,,g0bj,VERO
T7,Team G,l0bv,Jiri Lehecka,,j0e9,Alejandro Jacome Jaramillo,,j0e9,VERO
T7,Team G,f0fv,Joao Fonseca,,j0dg,Alejandro Juan Mano,,j0dg,VERO
T7,Team G,fb98,Taylor Fritz,,l0gb,Alejandro Lopez Escribano,,l0gb,VERO
T7,Team G,c0c8,Juan Manuel Cerundolo,,m0l2,Alejandro Manzanera Pertusa,,m0l2,VERO
T7,Team G,mq75,Kamil Majchrzak,,m0tu,Alejandro Melero Kretzer,,m0tu,VERO
T7,Team G,ke29,Karen Khachanov,,m0t6,Alejandro Moreno,,m0t6,VERO
T7,Team G,n552,Kei Nishikori,,m0ht,Alejandro Moro Canas,,m0ht,VERO
T7,Team G,db63,Laslo Djere,,te30,Alejandro Tabilo,,te30,VERO
T7,Team G,t0ha,Learner Tien,,t0fh,Alejandro Turriziani Alvarez,,t0fh,VERO
T8,Team H,m0ej,Lorenzo Musetti,,l0dm,Alejo Lorenzo Lingua Lavallen,,l0dm,VERO
T8,Team H,su87,Lorenzo Sonego,,s0xe,Alejo Sanchez Quilez,,s0xe,VERO
T8,Team H,n0bg,Luca Nardi,,c0fj,Aleksa Ciric,,c0fj,VERO
T8,Team H,d0fj,Luciano Darderi,,p0im,Aleksa Pisaric,,p0im,VERO
T8,Team H,gj37,Tallon Griekspoor,,k0az,Aleksandar Kovacevic,,k0az,VERO
T8,Team H,gc88,Marcos Giron,,m0ng,Aleksandar Mihailovic,,m0ng,VERO
T8,Team H,n0bs,Mariano Navone,,v832,Aleksandar Vukic,,v832,VERO
T8,Team H,c977,Marin Cilic,,c0ni,Aleksander Chayka,,c0ni,VERO
T8,Team H,l0il,Martin Landaluce,,o0c8,Aleksander Orlikowski,,o0c8,VERO
T8,Team H,f724,Marton Fucsovics,,b0bk,Aleksandr Braynin,,b0bk,VERO
T9,Team I,a0fc,Matteo Arnaldi,,l0g3,Aleksandr Lobanov,,l0g3,VERO
T9,Team I,bk40,Matteo Berrettini,,bp74,Aleksandre Bakshi,,bp74,VERO
T9,Team I,b0gg,Mattia Bellucci,,l0dg,Aleksi Lofman,,l0dg,VERO
T9,Team I,ki95,Miomir Kecmanovic,,m0i5,Alen Mujakic,,m0i5,VERO
T9,Team I,k0o4,Moise Kouame,,b0tf,Alessandro Battiston,,b0tf,VERO
T9,Team I,bg23,Nikoloz Basilashvili,,b0m9,Alessandro Bellifemine,,b0m9,VERO
T9,Team I,b0nn,Nishesh Basavareddy,,c0l9,Alessandro Coccioli,,c0l9,VERO
T9,Team I,d643,Novak Djokovic,,p0fy,Alessandro Pecci,,p0fy,VERO
T9,Team I,mo44,Pedro Martinez,,s0jy,Alessandro Spadola,,s0jy,VERO
T9,Team I,hb64,Quentin Halys,,b0qb,Alessio Basile,,b0qb,VERO
T10,Team L,c0jp,Raphael Collignon,,v0ev,Alessio Vasquez,,v0ev,VERO
T10,Team L,o522,Reilly Opelka,,b0gy,Alex Barrena,,b0gy,VERO
,,,,,bi81,Alex Bolt,,bi81,VERO
,,,,,c0q6,Alex Chang,,c0q6,VERO
,,,,,f0ht,Alex Finkelstein,,f0ht,VERO
,,,,,h0cd,Alex Hernandez,,h0cd,VERO
,,,,,j0b1,Alex Jones,,j0b1,VERO
,,,,,kj00,Alex Knaff,,kj00,VERO
,,,,,k0bg,Alex Kobelt,,k0bg,VERO
,,,,,k0kk,Alex Kuperstein,,k0kk,VERO
,,,,,m0ey,Alex Marti Pujolras,,m0ey,VERO
,,,,,m0gb,Alex Martinez,,m0gb,VERO
,,,,,m0qi,Alex Michelsen,,m0qi,VERO
,,,,,mv14,Alex Molcan,,mv14,VERO
,,,,,rg42,Alex Rybakov,,rg42,VERO
,,,,,n0ft,Alex Santino Nuñez Vera,,n0ft,VERO
,,,,,dh58,Alex de Minaur,,dh58,VERO
,,,,,b0i0,Alexander Bernard,,b0i0,VERO
,,,,,b0gi,Alexander Binda,,b0gi,VERO
,,,,,b0pg,Alexander Blockx,,b0pg,VERO
,,,,,bk92,Alexander Bublik,,bk92,VERO
,,,,,dh46,Alexander Donski,,dh46,VERO
,,,,,f0g5,Alexander Frusina,,f0g5,VERO
,,,,,g0pd,Alexander Glomb,,g0pd,VERO
,,,,,g0qw,Alexander Gschiel,,g0qw,VERO
,,,,,o0eq,Alexander Ikenna Okonkwo,,o0eq,VERO
,,,,,kg53,Alexander Klintcharov,,kg53,VERO
,,,,,k0el,Alexander Kotzen,,k0el,VERO
,,,,,k0mq,Alexander Krylov,,k0mq,VERO
,,,,,p0j3,Alexander Petrov,,p0j3,VERO
,,,,,r0ku,Alexander Razeghi,,r0ku,VERO
,,,,,rc04,Alexander Ritschard,,rc04,VERO
,,,,,r0kk,Alexander Rozin,,r0kk,VERO
,,,,,s0h2,Alexander Shevchenko,,s0h2,VERO
,,,,,u0an,Alexander Ushakov,,u0an,VERO
,,,,,v0gr,Alexander Vasilev,,v0gr,VERO
,,,,,v0f2,Alexander Vikhlyantsev,,v0f2,VERO
,,,,,w0f2,Alexander Wagner,,w0f2,VERO
,,,,,wb19,Alexander Weis,,wb19,VERO
,,,,,z09b,Alexander Zgirovsky,,z09b,VERO
,,,,,z355,Alexander Zverev,,z355,VERO
,,,,,a0eu,Alexandre Aubriot,,a0eu,VERO
,,,,,mp20,Alexandre Muller,,mp20,VERO
,,,,,r09t,Alexandre Reco,,r09t,VERO
,,,,,h0kv,Alexandru Toubi Hebhang Balan,,h0kv,VERO
,,,,,p09z,Alexei Popyrin,,p09z,VERO
,,,,,a0av,Alexey Aleshchev,,a0av,VERO
,,,,,v717,Alexey Vatutin,,v717,VERO
,,,,,z0ab,Alexey Zakharov,,z0ab,VERO
,,,,,b0ur,Alexis Berquier,,b0ur,VERO
,,,,,cn64,Alexis Canter,,cn64,VERO
,,,,,gk06,Alexis Galarneau,,gk06,VERO
,,,,,gj05,Alexis Gautier,,gj05,VERO
,,,,,g0c4,Alexis Gurmendi,,g0c4,VERO
,,,,,a0jk,Alfred Almasi,,a0jk,VERO
,,,,,pl39,Alfredo Perez,,pl39,VERO
,,,,,h0gc,Ali Habib,,h0gc,VERO
,,,,,m0xi,Ali Missoum,,m0xi,VERO
,,,,,y0bb,Ali Yazdani,,y0bb,VERO
,,,,,l09d,Aliaksandr Liaonenka,,l09d,VERO
,,,,,k0e6,Alibek Kachmazov,,k0e6,VERO
,,,,,j0dn,Aljaz Jeran,,j0dn,VERO
,,,,,hb18,Alp Horoz,,hb18,VERO
,,,,,b0u5,Alvaro Bueno Gil,,b0u5,VERO
,,,,,g0dh,Alvaro Guillen Meza,,g0dh,VERO
,,,,,j0fa,Alvaro Jimenez,,j0fa,VERO
,,,,,p0ld,Alvaro Peiro Serrano,,p0ld,VERO
,,,,,t0iz,Alvin Nicholas Tudorica,,t0iz,VERO
,,,,,s0ky,Amador Salazar,,s0ky,VERO
,,,,,r0gn,Amaury Raynel,,r0gn,VERO
,,,,,j0dm,Amine Jamji,,j0dm,VERO
,,,,,m0u1,Amir Milushev,,m0u1,VERO
,,,,,o0e7,Amir Omarkhanov,,o0e7,VERO
,,,,,n0fb,Amirkhamza Nasridinov,,n0fb,VERO
,,,,,v0g2,Amit Vales,,v0g2,VERO
,,,,,ag30,Ammar Alhogbani,,ag30,VERO
,,,,,e0ay,Ammar Elamin,,e0ay,VERO
,,,,,a0g8,Amr Elsayed,,a0g8,VERO
,,,,,b0uy,Anas Bennour Dit Sahli,,b0uy,VERO
,,,,,m0wl,Anas Mazdrashki,,m0wl,VERO
,,,,,i0b0,Andre Ilagan,,i0b0,VERO
,,,,,s1cw,Andre Souza,,s1cw,VERO
,,,,,b0q9,Andrea Bacaloni,,b0q9,VERO
,,,,,cc66,Andrea Collarini,,cc66,VERO
,,,,,c0pg,Andrea Colombo,,c0pg,VERO
,,,,,d0jz,Andrea De Marchi,,d0jz,VERO
,,,,,f0c2,Andrea Fiorentini,,f0c2,VERO
,,,,,g0a0,Andrea Guerrieri,,g0a0,VERO
,,,,,m0ri,Andrea M'Chich,,m0ri,VERO
,,,,,m0nx,Andrea Meduri,,m0nx,VERO
,,,,,m0ys,Andrea Motta,,m0ys,VERO
,,,,,p0l6,Andrea Paolini,,p0l6,VERO
,,,,,ph64,Andrea Pellegrino,,ph64,VERO
,,,,,p0dr,Andrea Picchione,,p0dr,VERO
,,,,,va08,Andrea Vavassori,,m0zo,VERO
,,,,,m0zo,Andreas Messis,,t0i0,VERO
,,,,,t0i0,Andreas Timini,,g0oc,VERO
,,,,,g0oc,Andrei Corneliu Gadoiu,,k0ok,VERO
,,,,,k0ok,Andrei Kunitsyn,,l0kc,VERO
,,,,,l0kc,Andrej Loncarevic,,mf35,VERO
,,,,,mf35,Andrej Martin,,n0db,VERO
,,,,,n0db,Andrej Nedic,,p0ep,VERO
,,,,,p0ep,Andreja Petrovic,,ag08,VERO
,,,,,ag08,Andres Andrade,,d0mf,VERO
,,,,,d0mf,Andres Delgadillo,,fc00,VERO
,,,,,fc00,Andres Fernandez Canovas,,cn39,VERO
,,,,,cn39,Andres Gabriel Ciurletti,,m0np,VERO
,,,,,m0np,Andres Martin,,s0y0,VERO
,,,,,s0y0,Andres Santamarta Roig,,u09z,VERO
,,,,,u09z,Andres Urquiola Montellano,,d0mb,VERO
,,,,,d0mb,Andrew Delgado,,f0ck,VERO
,,,,,f0ck,Andrew Fenty,,j0fu,VERO
,,,,,j0fu,Andrew Johnson,,p0ev,VERO
,,,,,p0ev,Andrew Paulson,,co01,VERO
,,,,,co01,Andrey Chepelev,,re44,VERO
,,,,,re44,Andrey Rublev,,c0kn,VERO
,,,,,c0kn,Andrin Casanova,,n0gf,VERO
,,,,,n0gf,Andy Nguyen,,l0mg,VERO
,,,,,l0mg,Anes Latifovic,,g0gk,VERO
,,,,,g0gk,Anthony Genov,,sy76,VERO
,,,,,sy76,Anthony Susanto,,w0ec,VERO
,,,,,w0ec,Anthony Wright,,b0h9,VERO
,,,,,b0h9,Antoine Berger,,e768,VERO
,,,,,e768,Antoine Escoffier,,g0iw,VERO
,,,,,g0iw,Antoine Ghibaudo,,v0cg,VERO
,,,,,v0cg,Antoine Vincent,,a0o2,VERO
,,,,,a0o2,Anton Arzhankin,,cc79,VERO
,,,,,cc79,Anton Chekhov,,m0fa,VERO
,,,,,m0fa,Anton Matusevich,,s0nt,VERO
,,,,,s0nt,Anton Shepp,,f0gf,VERO
,,,,,f0gf,Antoni Fabre,,w0fu,VERO
,,,,,w0fu,Antonin Witz,,c0hh,VERO
,,,,,c0hh,Antonio Caruso,,v0h8,VERO
,,,,,v0h8,Antonio Voljavec,,w741,VERO
,,,,,w741,Aoran Wang,,a0dv,VERO
,,,,,a0dv,Arda Azkara,,b0x0,VERO
,,,,,b0x0,Arian Barbic,,s0rl,VERO
,,,,,s0rl,Aristarkh Safonov,,t0ei,VERO
,,,,,t0ei,Aristotelis Thanos,,m0ce,VERO
,,,,,m0ce,Arjun Mehrotra,,r0mv,VERO
,,,,,r0mv,Arjun Rathi,,h0c9,VERO
,,,,,h0c9,Arklon Huertas Del Pino Cordova,,p0nh,VERO
,,,,,p0nh,Arnav Vijay Paparkar,,m0zy,VERO
,,,,,m0zy,Aron Janos Major,,b0x3,VERO
,,,,,b0x3,Artem Bogomolov,,b0vy,VERO
,,,,,b0vy,Arthur Bellegy,,b0ls,VERO
,,,,,b0ls,Arthur Bonnaud,,b0er,VERO
,,,,,b0er,Arthur Bouquier,,c0h0,VERO
,,,,,c0h0,Arthur Cazaux,,f0dm,VERO
,,,,,f0dm,Arthur Fery,,f0f1,VERO
,,,,,f0f1,Arthur Fils,,g0ix,VERO
,,,,,g0ix,Arthur Gea,,l0kj,VERO
,,,,,l0kj,Arthur Laborde,,n0eg,VERO
,,,,,n0eg,Arthur Nagel,,rh50,VERO
,,,,,rh50,Arthur Reymond,,rc91,VERO
,,,,,rc91,Arthur Rinderknech,,w0a4,VERO
,,,,,w0a4,Arthur Weber,,a0n4,VERO
,,,,,a0n4,Artur Aiukhanov,,k0hu,VERO
,,,,,k0hu,Artur Kukasian,,z0dx,VERO
,,,,,z0dx,Arturs Zagars,,n0af,VERO
,,,,,n0af,Arvid Nordquist,,l0js,VERO
,,,,,l0js,Aryan Lakshmanan,,s0w8,VERO
,,,,,s0w8,Aryan Shah,,h0i9,VERO
,,,,,h0i9,Asahi Harazaki,,m0z0,VERO
,,,,,m0z0,Ashton Mcleod,,kc56,VERO
,,,,,kc56,Aslan Karatsev,,s0lv,VERO
,,,,,s0lv,Atharva Sharma,,b0mp,VERO
,,,,,b0mp,Attila Boros,,h09n,VERO
,,,,,h09n,August Holmgren,,l0of,VERO
,,,,,l0of,Augusto Mateo Lucarelli,,g0ff,VERO
,,,,,g0ff,Axel Garcian,,n0ba,VERO
,,,,,n0ba,Axel Nefve,,df88,VERO
,,,,,df88,Aziz Dougaz,,o09a,VERO
,,,,,o09a,Aziz Ouakaa,,v0fk,VERO
,,,,,v0fk,Azuma Visaya,,a0c4,VERO
,,,,,a0c4,Bader Alabdullah,,w0fl,VERO
,,,,,w0fl,Baltazar Wiger Nordas,,y09l,VERO
,,,,,y09l,Bang Shuo Yin,,f0b4,VERO
,,,,,f0b4,Barney Fitzpatrick,,b0yx,VERO
,,,,,b0yx,Bastian Berenz,,mm24,VERO
,,,,,mm24,Bastian Malla,,sp02,VERO
,,,,,sp02,Batyr Sapaev,,d0m3,VERO
,,,,,d0m3,Bautista De La Pena,,v0dx,VERO
,,,,,v0dx,Bautista Vilicich,,z09z,VERO
,,,,,z09z,Beibit Zhukayev,,a0e6,VERO
,,,,,a0e6,Bekkhan Atlangeriev,,j732,VERO
,,,,,j732,Ben Jones,,s0s1,VERO
,,,,,s0s1,Ben Shelton,,r0n4,VERO
,,,,,r0n4,Bengt Johan Reinhard,,s0r2,VERO
,,,,,s0r2,Benito Sanchez Martinez,,bm95,VERO
,,,,,bm95,Benjamin Bonzi,,c0qv,VERO
,,,,,c0qv,Benjamin Chelía,,g0nl,VERO
,,,,,g0nl,Benjamin Gusic - Wan,,hh01,VERO
,,,,,hh01,Benjamin Hannestad,,hg94,VERO
,,,,,hg94,Benjamin Hassan,,m0sa,VERO
,,,,,m0sa,Benjamin Martin,,o0a6,VERO
,,,,,o0a6,Benjamin O'Connell,,p0pj,VERO
,,,,,p0pj,Benjamin Perez,,p09s,VERO
,,,,,p09s,Benjamin Pietri,,g0mh,VERO
,,,,,g0mh,Benjamin Thomas George,,t0h5,VERO
,,,,,t0h5,Benjamin Torrealba,,t0fn,VERO
,,,,,t0fn,Benjamin Torres,,v0h9,VERO
,,,,,v0h9,Benjamin Vitter,,w0fh,VERO
,,,,,w0fh,Benjamin Willwerth,,w09x,VERO
,,,,,w09x,Benjamin Winter Lopez,,pd31,VERO
,,,,,pd31,Benoit Paire,,t0jf,VERO
,,,,,t0jf,Benoit Torcq,,z419,VERO
,,,,,z419,Bernabe Zapata Miralles,,ta46,VERO
,,,,,ta46,Bernard Tomic,,m0pf,VERO
,,,,,m0pf,Bernardo Munk Mesa,,k0bi,VERO
,,,,,k0bi,Bharath Nishok Kumaran,,c0ry,VERO
,,,,,c0ry,Bill Chan,,b0oi,VERO
,,,,,b0oi,Billy Blaydes,,hd68,VERO
,,,,,hd68,Billy Harris,,s1bv,VERO
,,,,,s1bv,Billy Suarez,,d0kj,VERO
,,,,,d0kj,Birtan Duran,,s0tu,VERO
,,,,,s0tu,Bjorn Swenson,,b0i5,VERO
,,,,,b0i5,Blaise Bicknell,,ea27,VERO
,,,,,ea27,Blake Ellis,,mm79,VERO
,,,,,mm79,Blake Mott,,b0if,VERO
,,,,,b0if,Blu Baker,,bm05,VERO
,,,,,bm05,Bogdan Bobrov,,pl80,VERO
,,,,,pl80,Bogdan Pavel,,s0te,VERO
,,,,,s0te,Bogdan Seleznev,,a0i1,VERO
,,,,,a0i1,Bor Artnak,,s0fs,VERO
,,,,,s0fs,Bora Sengul,,aa49,VERO
,,,,,aa49,Boris Arias,,bv08,VERO
,,,,,bv08,Boris Butulija,,cg80,VERO
,,,,,cg80,Borna Coric,,gh92,VERO
,,,,,gh92,Borna Gojo,,v812,VERO
,,,,,v812,Botic van de Zandschulp,,k0i9,VERO
,,,,,k0i9,Botond Kisantal,,n0fo,VERO
,,,,,n0fo,Botond Nagy,,s0s5,VERO
,,,,,s0s5,Braden Shick,,h09p,VERO
,,,,,h09p,Brandon Holt,,n0ae,VERO
,,,,,n0ae,Brandon Nakashima,,p0d4,VERO
,,,,,p0d4,Brandon Perez,,w738,VERO
,,,,,w738,Brandon Walkin,,d0hj,VERO
,,,,,d0hj,Branko Djuric,,b0n9,VERO
,,,,,b0n9,Breno Braga,,u0a9,VERO
,,,,,u0a9,Breno Rossetto Urvaneja,,b0ql,VERO
,,,,,b0ql,Brian Bozemoj,,f0fl,VERO
,,,,,f0fl,Bruno Fernandez,,k0hn,VERO
,,,,,k0hn,Bruno Kuzuhara,,p0cu,VERO
,,,,,p0cu,Bruno Pujol Navarro,,h0la,VERO
,,,,,h0la,Bryan Hernandez Cortes,,n0dr,VERO
,,,,,n0dr,Bryce Nakashima,,g0cv,VERO
,,,,,g0cv,Buvaysar Gadamauri,,t0j5,VERO
,,,,,t0j5,Cagan Efe Tufekci,,w0f7,VERO
,,,,,w0f7,Caheer Warik,,s0wk,VERO
,,,,,s0wk,Calin Teodor Stirbu,,hb48,VERO
,,,,,hb48,Calvin Hemery,,m0jp,VERO
,,,,,m0jp,Calvin Mueller,,n771,VERO
,,,,,n771,Cameron Norrie,,u182,VERO
,,,,,u182,Camilo Ugo Carabelli,,k0db,VERO
,,,,,k0db,Cannon Kingsley,,o0bi,VERO
,,,,,o0bi,Carl Emil Overbeck,,h0iq,VERO
,,,,,h0iq,Carl Holder,,r0es,VERO
,,,,,r0es,Carl Roothman,,c0oi,VERO
,,,,,c0oi,Carles Cordoba,,h0dq,VERO
,,,,,h0dq,Carles Hernandez,,c0lk,VERO
,,,,,c0lk,Carlo Alberto Caniato,,a0e2,VERO
,,,,,a0e2,Carlos Alcaraz,,g0kw,VERO
,,,,,g0kw,Carlos Giraldi,,l0c1,VERO
,,,,,l0c1,Carlos Lopez Montagud,,z0da,VERO
,,,,,z0da,Carlos Maria Zarate,,s0cg,VERO
,,,,,s0cg,Carlos Sanchez Jover,,te16,VERO
,,,,,te16,Carlos Taberner,,z0dr,VERO
,,,,,z0dr,Carlos Zerega,,c0t9,VERO
,,,,,c0t9,Casper Christensen,,rh16,VERO
,,,,,rh16,Casper Ruud,,s0sq,VERO
,,,,,s0sq,Cedric Stanke,,sk94,VERO
,,,,,sk94,Cedrik-Marcel Stebe,,i306,VERO
,,,,,i306,Cem Ilkel,,b0me,VERO
,,,,,b0me,Cesar Bouchelaghem,,c0nu,VERO
,,,,,c0nu,Cesar Cruz,,c0b2,VERO
,,,,,c0b2,Cezar Cretu,,p0mt,VERO
,,,,,p0mt,Cezar Gabriel Papoe,,o527,VERO
,,,,,o527,Chanyeong Oh,,c0ll,VERO
,,,,,c0ll,Charlelie Cosnet,,b0c4,VERO
,,,,,b0c4,Charles Bertimon,,bv21,VERO
,,,,,bv21,Charles Broom,,c0q4,VERO
,,,,,c0q4,Charles Chen,,c0lm,VERO
,,,,,c0lm,Charlie Camus,,r0k9,VERO
,,,,,r0k9,Charlie Robertson,,f0c0,VERO
,,,,,f0c0,Chase Ferguson,,d0fn,VERO
,,,,,d0fn,Chen Dong,,d0hi,VERO
,,,,,d0hi,Chirag Duhan,,r0e0,VERO
,,,,,r0e0,Chris Rodesch,,d0ka,VERO
,,,,,d0ka,Christian Djonov,,li10,VERO
,,,,,li10,Christian Langmo,,sy00,VERO
,,,,,sy00,Christian Sigsgaard,,w0fp,VERO
,,,,,w0fp,Christian Wedel,,g0mr,VERO
,,,,,g0mr,Christoph Gayk,,n731,VERO
,,,,,n731,Christoph Negritu,,e865,VERO
,,,,,e865,Christopher Eubanks,,l0do,VERO
,,,,,l0do,Christopher Li,,o483,VERO
,,,,,o483,Christopher O'Connell,,p0f0,VERO
,,,,,p0f0,Christopher Papa,,h0l7,VERO
,,,,,h0l7,Chun-Chien Hou,,t0ap,VERO
,,,,,t0ap,Chun-Hsin Tseng,,m0ru,VERO
,,,,,m0ru,Cian Maguire,,mr77,VERO
,,,,,mr77,Cing-Yang Meng,,h0d9,VERO
,,,,,h0d9,Cleeve Harper,,c0bh,VERO
,,,,,c0bh,Clement Chidekh,,d0f4,VERO
,,,,,d0f4,Clement Deleersnyder,,l0l4,VERO
,,,,,l0l4,Clement Lemire,,t09x,VERO
,,,,,t09x,Clement Tabur,,w0bh,VERO
,,,,,w0bh,Coleman Wong,,sq79,VERO
,,,,,sq79,Colin Sinclair,,s0ze,VERO
,,,,,s0ze,Colton Smith,,cm88,VERO
,,,,,cm88,Congsup Congcar,,hg90,VERO
,,,,,hg90,Conner Huertas del Pino,,d0nh,VERO
,,,,,d0nh,Connor Doig,,t0b0,VERO
,,,,,t0b0,Connor Thomson,,g0g4,VERO
,,,,,g0g4,Conor Gannon,,lb66,VERO
,,,,,lb66,Constant Lestienne,,bu53,VERO
,,,,,bu53,Constantin Bittoun Kouzmine,,w0dd,VERO
,,,,,w0dd,Cooper Williams,,w0dw,VERO
,,,,,w0dw,Cooper Woestendick,,c0i5,VERO
,,,,,c0i5,Corban Crowther,,df92,VERO
,,,,,df92,Corentin Denolly,,mw02,VERO
,,,,,mw02,Corentin Moutet,,c0r0,VERO
,,,,,c0r0,Corey Craig,,r0ke,VERO
,,,,,r0ke,Cosme Rolland De Ravel,,gd64,VERO
,,,,,gd64,Cristian Garin,,r913,VERO
,,,,,r913,Cristian Rodriguez,,h0k0,VERO
,,,,,h0k0,Cruz Hewitt,,v0bc,VERO
,,,,,v0bc,Cyril Vandermeersch,,m0ve,VERO
,,,,,m0ve,Cyrus Mahjoob,,y0al,VERO
,,,,,y0al,Daiki Yoshimura,,s0bg,VERO
,,,,,s0bg,Daisuke Sumizawa,,b0uz,VERO
,,,,,b0uz,Dakotah Bobo,,b0jp,VERO
,,,,,b0jp,Dali Blanch,,s0gd,VERO
,,,,,s0gd,Dalibor Svrcina,,c0tl,VERO
,,,,,c0tl,Damien Clerc,,s0f4,VERO
,,,,,s0f4,Damien Salvestre,,w09b,VERO
,,,,,w09b,Damien Wenger,,a0mk,VERO
,,,,,a0mk,Damir Abdusamadov,,d923,VERO
,,,,,d923,Damir Dzumhur,,a09t,VERO
,,,,,a09t,Dan Added,,t0aa,VERO
,,,,,t0aa,Dan Alexandru Tomescu,,m0c2,VERO
,,,,,m0c2,Dan Martin,,s0ia,VERO
,,,,,s0ia,Dane Sweeny,,a0oe,VERO
,,,,,a0oe,Daniel Aleksandar Amarandei,,ae14,VERO
,,,,,ae14,Daniel Altmaier,,n0bu,VERO
,,,,,n0bu,Daniel Antonio Nunez,,b0ha,VERO
,,,,,b0ha,Daniel Bagnolini,,b0bj,VERO
,,,,,b0bj,Daniel Batista,,cl82,VERO
,,,,,cl82,Daniel Cukierman,,d0cu,VERO
,,,,,d0cu,Daniel De Jonge,,d0nc,VERO
,,,,,d0nc,Daniel Domingos,,sg56,VERO
,,,,,sg56,Daniel Dutra da Silva,,ge33,VERO
,,,,,ge33,Daniel Elahi Galan,,e687,VERO
,,,,,e687,Daniel Evans,,j0em,VERO
,,,,,j0em,Daniel Jade,,j0fy,VERO
,,,,,j0fy,Daniel Jovanovski,,k0m7,VERO
,,,,,k0m7,Daniel Khazime,,l0ei,VERO
,,,,,l0ei,Daniel Lara Salmeron,,mn20,VERO
,,,,,mn20,Daniel Masur,,m0n7,VERO
,,,,,m0n7,Daniel Merida,,m0e1,VERO
,,,,,m0e1,Daniel Michalski,,m0rg,VERO
,,,,,m0rg,Daniel Milavsky,,p0pv,VERO
,,,,,p0pv,Daniel Phillips,,r0fp,VERO
,,,,,r0fp,Daniel Rincon,,s0gm,VERO
,,,,,s0gm,Daniel Salazar,,s0lt,VERO
,,,,,s0lt,Daniel Siniakov,,t0l4,VERO
,,,,,t0l4,Daniel Tazabekov,,u0ac,VERO
,,,,,u0ac,Daniel Uta,,v0gk,VERO
,,,,,v0gk,Daniel Verbeek,,m0o0,VERO
,,,,,m0o0,Daniele Minighini,,r0km,VERO
,,,,,r0km,Daniele Rapagnetta,,a0el,VERO
,,,,,a0el,Danielle Abadia,,b0x4,VERO
,,,,,b0x4,Daniil Bogatov,,g0by,VERO
,,,,,g0by,Daniil Glinka,,g0bd,VERO
,,,,,g0bd,Daniil Golubev,,k0pf,VERO
,,,,,k0pf,Daniil Kakhniuk,,mm58,VERO
,,,,,mm58,Daniil Medvedev,,o0br,VERO
,,,,,o0br,Daniil Ostapenkov,,p0kz,VERO
,,,,,p0kz,Daniil Piatrouski,,s0yb,VERO
,,,,,s0yb,Daniil Sarksian,,p0mj,VERO
,,,,,p0mj,Dante Pagani,,kc86,VERO
,,,,,kc86,Darian King,,c0sd,VERO
,,,,,c0sd,Dario Alexandru Ciobotaru,,p0ly,VERO
,,,,,p0ly,Darius Florin Pop,,s0gg,VERO
,,,,,s0gg,Darrshan Suresh,,b0no,VERO
,,,,,b0no,Darwin Blanch,,a0o3,VERO
,,,,,a0o3,David Asenov,,b0ty,VERO
,,,,,b0ty,David Bakonyi,,c0pt,VERO
,,,,,c0pt,David Cristian Carteputreda,,e0dx,VERO
,,,,,e0dx,David Eichenseher,,f0fh,VERO
,,,,,f0fh,David Fix,,gb88,VERO
,,,,,gb88,David Goffin,,j0f5,VERO
,,,,,j0f5,David Jeanne-Grandinot,,j476,VERO
,,,,,j476,David Jorda Sanchis,,n0ek,VERO
,,,,,n0ek,David Naharro,,p0kk,VERO
,,,,,p0kk,David Petrovic,,pi95,VERO
,,,,,pi95,David Pichler,,ph77,VERO
,,,,,ph77,David Poljak,,ph02,VERO
,,,,,ph02,Davide Pontoglio,,t0cy,VERO
,,,,,t0cy,Davide Tortora,,w0fr,VERO
,,,,,w0fr,Dawid Wisniewski,,d0c2,VERO
,,,,,d0c2,Dax Donders,,w0bd,VERO
,,,,,w0bd,Deney Wassermann,,kg49,VERO
,,,,,kg49,Denis Klok,,p0m4,VERO
,,,,,p0m4,Denis Petak,,su55,VERO
,,,,,su55,Denis Shapovalov,,s0ub,VERO
,,,,,s0ub,Denis Spiridon,,y171,VERO
,,,,,y171,Denis Yevseyev,,db59,VERO
,,,,,db59,Dennis Novak,,p0kj,VERO
,,,,,p0kj,Derek Pham,,j0cl,VERO
,,,,,j0cl,Dev Javia,,b0iz,VERO
,,,,,b0iz,Devin Badenhorst,,s0de,VERO
,,,,,s0de,Dhakshineswar Suresh,,n0c9,VERO
,,,,,n0c9,Dian Nedev,,b0hf,VERO
,,,,,b0hf,Diego Augusto Barreto Sanchez,,d0lj,VERO
,,,,,d0lj,Diego Dedura,,d0fo,VERO
,,,,,d0fo,Diego Duran,,f0c4,VERO
,,,,,f0c4,Diego Fernandez Flores,,j0el,VERO
,,,,,j0el,Diego Jarry Fillol,,m19j,VERO
,,,,,m19j,Diego Munoz,,o0ce,VERO
,,,,,o0ce,Diego Ortiz Gamonsl,,sy71,VERO
,,,,,sy71,Digvijaypratap Singh,,b0x2,VERO
,,,,,b0x2,Dillon Beckles,,kc33,VERO
,,,,,kc33,Dimitar Kuzmanov,,a0c5,VERO
,,,,,a0c5,Dimitris Azoidis,,s0s9,VERO
,,,,,s0s9,Dimitris Sakellaridis,,n0cc,VERO
,,,,,n0cc,Dingzheng Nima,,d0hs,VERO
,,,,,d0hs,Dinko Dinev,,p0hw,VERO
,,,,,p0hw,Dino Prizmic,,m0b9,VERO
,,,,,m0b9,Diogo Marques,,m0o7,VERO
,,,,,m0o7,Diogo Morais,,s1ef,VERO
,,,,,s1ef,Djordje Sapic,,v0eo,VERO
,,,,,v0eo,Dmitrii Vasilev,,b0x7,VERO
,,,,,b0x7,Dmitry Bessonov,,d0if,VERO
,,,,,d0if,Dmitry Dolzhenkov,,s1ac,VERO
,,,,,s1ac,Dmitry Kopilevich,,pg20,VERO
,,,,,pg20,Dmitry Popko,,s1ak,VERO
,,,,,s1ak,Dmytro Shirokyi,,s0la,VERO
,,,,,s0la,Dominic Stricker,,m0x2,VERO
,,,,,m0x2,Dominick Mosejczuk,,ke36,VERO
,,,,,ke36,Dominik Kellovsky,,p0e9,VERO
,,,,,p0e9,Dominik Palan,,rd58,VERO
,,,,,rd58,Dominik Recek,,r0ki,VERO
,,,,,r0ki,Dominique Rolland,,k0ci,VERO
,,,,,k0ci,Dong Ju Kim,,j0f9,VERO
,,,,,j0f9,Dorian Juszczak,,c0mx,VERO
,,,,,c0mx,Dragos Nicolae Cazacu,,mw54,VERO
,,,,,mw54,Dragos Nicolae Madaras,,p0ia,VERO
,,,,,p0ia,Drazen Petrovic,,v948,VERO
,,,,,v948,Drew Van Orderlain,,va15,VERO
,,,,,va15,Duarte Vale,,le01,VERO
,,,,,le01,Duckhee Lee,,a0cj,VERO
,,,,,a0cj,Duje Ajdukovic,,m0u9,VERO
,,,,,m0u9,Duje Markovina,,c0of,VERO
,,,,,c0of,Duncan Chan,,l987,VERO
,,,,,l987,Dusan Lajovic,,o0ai,VERO
,,,,,o0ai,Dusan Obradovic,,d0hx,VERO
,,,,,d0hx,Dylan Dietrich,,b0mm,VERO
,,,,,b0mm,Edas Butvilas,,a0i9,VERO
,,,,,a0i9,Edison Ambarzumjan,,d0mw,VERO
,,,,,d0mw,Edoardo De Filippo,,z0bh,VERO
,,,,,z0bh,Edoardo Zanada,,c0mt,VERO
,,,,,c0mt,Edoardo cherie Ligniere,,v0eq,VERO
,,,,,v0eq,Edouard Villoslada,,r09v,VERO
,,,,,r09v,Eduardo Ribeiro,,e0ee,VERO
,,,,,e0ee,Edward Etty,,w0c4,VERO
,,,,,w0c4,Edward Winter,,v993,VERO
,,,,,v993,Eero Vasa,,a0fm,VERO
,,,,,a0fm,Egor Agafonov,,gc89,VERO
,,,,,gc89,Egor Gerasimov,,p0nd,VERO
,,,,,p0nd,Egor Pleshivtsev,,k0ht,VERO
,,,,,k0ht,Elgin Khoeblal,,s0z2,VERO
,,,,,s0z2,Eli Stephenson,,c0hb,VERO
,,,,,c0hb,Eliakim Coulibaly,,w0d9,VERO
,,,,,w0d9,Elias Julian Werner,,s1c8,VERO
,,,,,s1c8,Elias Sumann,,y218,VERO
,,,,,y218,Elias Ymer,,c0rn,VERO
,,,,,c0rn,Elijah Cham,,s1ez,VERO
,,,,,s1ez,Elijah Sanogo,,s0tb,VERO
,,,,,s0tb,Elijah Strode,,s0ja,VERO
,,,,,s0ja,Eliot Spizzirri,,bt68,VERO
,,,,,bt68,Elliot Benchetrit,,e811,VERO
,,,,,e811,Elmar Ejupovic,,m0k4,VERO
,,,,,m0k4,Elmer Moller,,i0bv,VERO
,,,,,i0bv,Emanuel Ivanisevic,,rh24,VERO
,,,,,rh24,Emil Ruusuvuori,,h0ek,VERO
,,,,,h0ek,Emile Hudd,,j0cx,VERO
,,,,,j0cx,Emiliano Jorquera,,d0ly,VERO
,,,,,d0ly,Emilien Demanet,,n0am,VERO
,,,,,n0am,Emilio Nava,,b0ww,VERO
,,,,,b0ww,Emirhan Bulut,,v0hg,VERO
,,,,,v0hg,Emon Van Loben Sels,,m0p3,VERO
,,,,,m0p3,Enmanuel Munoz,,dg80,VERO
,,,,,dg80,Enrico Dalla Valle,,bk43,VERO
,,,,,bk43,Enrique Bogo,,c0sl,VERO
,,,,,c0sl,Enrique Carrascosa Diaz,,c0u2,VERO
,,,,,c0u2,Enrique Collar,,a0ku,VERO
,,,,,a0ku,Enzo Aguiard,,c0ju,VERO
,,,,,c0ju,Enzo Camargo Lima,,cg94,VERO
,,,,,cg94,Enzo Couacaud,,k0mx,VERO
,,,,,k0mx,Enzo Kohlmann De Freitas,,w749,VERO
,,,,,w749,Enzo Wallart,,ki48,VERO
,,,,,ki48,Ergi Kirkin,,ae43,VERO
,,,,,ae43,Eric Ahren Moonga,,v0d4,VERO
,,,,,v0d4,Eric Vanshelboim,,a0ia,VERO
,,,,,a0ia,Erik Arutiunian,,l0fu,VERO
,,,,,l0fu,Espen Lagarde,,q027,VERO
,,,,,q027,Essa Qabazard,,t0k8,VERO
,,,,,t0k8,Esteban Talavera Cortes,,c0ms,VERO
,,,,,c0ms,Ethan Cook,,q02l,VERO
,,,,,q02l,Ethan Quinn,,d0dc,VERO
,,,,,d0dc,Etienne Donnet,,g0pf,VERO
,,,,,g0pf,Eudald Gonzalez,,b0tl,VERO
,,,,,b0tl,Evan Burnett,,b0mr,VERO
,,,,,b0mr,Evan Bynoe,,z09k,VERO
,,,,,z09k,Evan Zhu,,td47,VERO
,,,,,td47,Evgenii Tiurnev,,kd87,VERO
,,,,,kd87,Evgeny Karlovskiy,,p0g0,VERO
,,,,,p0g0,Evgeny Philippov,,l0af,VERO
,,,,,l0af,Ewen Lumsden,,m1bh,VERO
,,,,,m1bh,Eyad Reda Ezzat Mohamed Sherif,,co07,VERO
,,,,,co07,Ezekiel Clark,,m0ig,VERO
,,,,,m0ig,Ezequiel Monferrer,,m0ci,VERO
,,,,,m0ci,Fabian Marozsan,,sz32,VERO
,,,,,sz32,Fabien Salle,,a0f3,VERO
,,,,,a0f3,Fabrizio Andaloro,,o0d5,VERO
,,,,,o0d5,Fabrizio Karol Pio Osti,,bf23,VERO
,,,,,bf23,Facundo Bagnis,,d0cg,VERO
,,,,,d0cg,Facundo Diaz Acosta,,j737,VERO
,,,,,j737,Facundo Juarez,,mj98,VERO
,,,,,mj98,Facundo Mena,,b0u0,VERO
,,,,,b0u0,Fadi Bidan,,sx90,VERO
,,,,,sx90,Fajing Sun,,m19y,VERO
,,,,,m19y,Fanming Meng,,a0os,VERO
,,,,,a0os,Fantino Alberca De Las Casas,,z0bl,VERO
,,,,,z0bl,Fares Zakaria,,t0cu,VERO
,,,,,t0cu,Fausto Tabacco,,a0k2,VERO
,,,,,a0k2,Federico Aguilar Cardozo,,gj16,VERO
,,,,,gj16,Federico Agustin Gomez,,a0ba,VERO
,,,,,a0ba,Federico Arnaboldi,,b0pe,VERO
,,,,,b0pe,Federico Bondioli,,b0nk,VERO
,,,,,b0nk,Federico Bove,,c0nb,VERO
,,,,,c0nb,Federico Cina,,ce77,VERO
,,,,,ce77,Federico Coria,,g0nv,VERO
,,,,,g0nv,Federico Guarducci,,i09n,VERO
,,,,,i09n,Federico Iannaccone,,v0fm,VERO
,,,,,v0fm,Federico Valle,,z239,VERO
,,,,,z239,Federico Zeballos,,ab75,VERO
,,,,,ab75,Felipe Assuncao Garla,,d0k4,VERO
,,,,,d0k4,Felipe De Dios,,d0ng,VERO
,,,,,d0ng,Felipe Dreer,,mw75,VERO
,,,,,mw75,Felipe Meligeni Alves,,v0hq,VERO
,,,,,v0hq,Felipe Virgili,,ag37,VERO
,,,,,ag37,Felix Auger-Aliassime,,b0wl,VERO
,,,,,b0wl,Felix Balshaw,,cn15,VERO
,,,,,cn15,Felix Corwin,,g0eu,VERO
,,,,,g0eu,Felix Gill,,r0o2,VERO
,,,,,r0o2,Felix Raser,,l0lj,VERO
,,,,,l0lj,Ferdinand Livet Novkirichka,,t0af,VERO
,,,,,t0af,Fermin Tenti,,c0o4,VERO
,,,,,c0o4,Fernando Cavallo,,y223,VERO
,,,,,y223,Fernando Yamacita,,f0f9,VERO
,,,,,f0f9,Filiberto Fumagalli,,j09x,VERO
,,,,,j09x,Filip Cristian Jianu,,g0m2,VERO
,,,,,g0m2,Filip Gustafsson,,p0fv,VERO
,,,,,p0fv,Filip Jeff Planinsek,,k0fo,VERO
,,,,,k0fo,Filip Krolo,,m0jz,VERO
,,,,,m0jz,Filip Misolic,,pf65,VERO
,,,,,pf65,Filip Peliwo,,p0fu,VERO
,,,,,p0fu,Filip Pieczonka,,s0x4,VERO
,,,,,s0x4,Filip Stidell,,a0lw,VERO
,,,,,a0lw,Filippo Alberti,,g0o3,VERO
,,,,,g0o3,Filippo Francesco Garbero,,m0uq,VERO
,,,,,m0uq,Filippo Mazzola,,m0gp,VERO
,,,,,m0gp,Filippo Moroni,,r0hk,VERO
,,,,,r0hk,Filippo Romano,,s0jh,VERO
,,,,,s0jh,Filippo Speziali,,bu78,VERO
,,,,,bu78,Finn Bass,,m0hy,VERO
,,,,,m0hy,Finn Murgett,,w0fn,VERO
,,,,,w0fn,Finn Willman,,b0yv,VERO
,,,,,b0yv,Flavio Bocci,,c0e9,VERO
,,,,,c0e9,Flavio Cobolli,,b0bu,VERO
,,,,,b0bu,Florent Bax,,b0c5,VERO
,,,,,b0c5,Florian Broska,,t0j4,VERO
,,,,,t0j4,Flynn Thomas,,n0dy,VERO
,,,,,n0dy,Fnu Nidunjianzan,,v0em,VERO
,,,,,v0em,Fons Van Sambeek,,td51,VERO
,,,,,td51,Frances Tiafoe,,fb59,VERO
,,,,,fb59,Francesco Ferrari,,f0a4,VERO
,,,,,f0a4,Francesco Forti,,m0if,VERO
,,,,,m0if,Francesco Maestrelli,,p0ct,VERO
,,,,,p0ct,Francesco Passaro,,c0au,VERO
,,,,,c0au,Francisco Cerundolo,,c0df,VERO
,,,,,c0df,Francisco Comesana,,r0f6,VERO
,,,,,r0f6,Francisco Rocha,,g0kb,VERO
,,,,,g0kb,Francisco Tomas Geschwind,,aa27,VERO
,,,,,aa27,Franco Agamenone,,v0if,VERO
,,,,,v0if,Franco Ariel Vazquez,,m0rs,VERO
,,,,,m0rs,Franco Marini,,r0bf,VERO
,,,,,r0bf,Franco Ribero,,r0bt,VERO
,,,,,r0bt,Franco Roncadelli,,m0hb,VERO
,,,,,m0hb,François Musitelli,,rh73,VERO
,,,,,rh73,Frazier Rengifo,,r0iz,VERO
,,,,,r0iz,Freddie Ridout,,m0x8,VERO
,,,,,m0x8,Freddy Murray,,sn54,VERO
,,,,,sn54,Frederico Ferreira Silva,,s1bd,VERO
,,,,,s1bd,Fredrik Krogh Solheim,,l0k7,VERO
,,,,,l0k7,Fryderyk Lechno-Wasiutynski,,j0fn,VERO
,,,,,j0fn,Fumin Jiang,,h0i8,VERO
,,,,,h0i8,Gabor Hornung,,d0f6,VERO
,,,,,d0f6,Gabriel Diallo,,e0cf,VERO
,,,,,e0cf,Gabriel Elicha Navas,,g0me,VERO
,,,,,g0me,Gabriel Ghetu,,m0nu,VERO
,,,,,m0nu,Gabriel Matuszewski,,s0vd,VERO
,,,,,s0vd,Gabriel Schenekenberg,,b0g4,VERO
,,,,,b0g4,Gabriele Bosio,,c0n6,VERO
,,,,,c0n6,Gabriele Crivellaro,,n724,VERO
,,,,,n724,Gabriele Maria Noce,,p0jg,VERO
,,,,,p0jg,Gabriele Pennaforti,,p0i6,VERO
,,,,,p0i6,Gabriele Piraino,,v0cx,VERO
,,,,,v0cx,Gabriele Volpi,,v0hm,VERO
,,,,,v0hm,Gabriele Vulpitta,,mc65,VERO
,,,,,mc65,Gael Monfils,,bp44,VERO
,,,,,bp44,Gage Brymer,,j0b5,VERO
,,,,,j0b5,Garrett Johns,,m0xx,VERO
,,,,,m0xx,Gasper Matijasic,,e698,VERO
,,,,,e698,Gastao Elias,,o0a2,VERO
,,,,,o0a2,Gauthier Onclin,,g0pp,VERO
,,,,,g0pp,Gavin Goode,,y0bf,VERO
,,,,,y0bf,Gavin Young,,o660,VERO
,,,,,o660,Genaro Alberto Olivieri,,bu54,VERO
,,,,,bu54,Geoffrey Blancaneaux,,l0gl,VERO
,,,,,l0gl,George Lazarov,,l0cf,VERO
,,,,,l0cf,George Loffhagen,,g0of,VERO
,,,,,g0of,Georgi Georgiev,,k0bj,VERO
,,,,,k0bj,Georgii Kravchenko,,c0mh,VERO
,,,,,c0mh,Gerard Campana Lee,,mo76,VERO
,,,,,mo76,Gergely Madarasz,,k0dv,VERO
,,,,,k0dv,Geun Jun Kim,,s0se,VERO
,,,,,s0se,Gheorghe Claudiu Schinteie,,c0mo,VERO
,,,,,c0mo,Giacomo Crisostomo,,g0k8,VERO
,,,,,g0k8,Giammarco Gandolfi,,d0pe,VERO
,,,,,d0pe,Gian Durrer,,g0im,VERO
,,,,,g0im,Gian Gruenig,,t0e0,VERO
,,,,,t0e0,Gian Luca Tanner,,o0ax,VERO
,,,,,o0ax,Gian Marco Ortenzi,,b0n0,VERO
,,,,,b0n0,Gianluca Brunkow,,c0nn,VERO
,,,,,c0nn,Gianluca Cadenasso,,ml57,VERO
,,,,,ml57,Gianluca Mager,,f0cj,VERO
,,,,,f0cj,Gianmarco Ferrari,,m0ic,VERO
,,,,,m0ic,Giannicola Misasi,,bo10,VERO
,,,,,bo10,Gijs Brouwer,,k0cz,VERO
,,,,,k0cz,Gilbert Klier Junior,,r0lx,VERO
,,,,,r0lx,Gilberto Ravasio,,h0dc,VERO
,,,,,h0dc,Giles Hussey,,b0qc,VERO
,,,,,b0qc,Gilles Arnaud Bailly,,t0fk,VERO
,,,,,t0fk,Giorgio Tabacco,,fc49,VERO
,,,,,fc49,Giovanni Fonio,,m0gz,VERO
,,,,,m0gz,Giovanni Mpetshi Perricard,,o639,VERO
,,,,,o639,Giovanni Oradini,,p0ge,VERO
,,,,,p0ge,Giulio Perego,,z0a1,VERO
,,,,,z0a1,Giulio Zeppieri,,l0db,VERO
,,,,,l0db,Giuseppe La Vela,,p0lr,VERO
,,,,,p0lr,Glauco Pinheiro Da Cruz Junior,,s1c1,VERO
,,,,,s1c1,Glib Sekachov,,s0ny,VERO
,,,,,s0ny,Gokberk Saritas,,b0gr,VERO
,,,,,b0gr,Gonzalo Bueno,,v821,VERO
,,,,,v821,Gonzalo Villanueva,,n0al,VERO
,,,,,n0al,Govind Nanda,,v0gl,VERO
,,,,,v0gl,Gray Voelzke,,bk24,VERO
,,,,,bk24,Gregoire Barrere,,h0j9,VERO
,,,,,h0j9,Gregor Hausberger,,r0ay,VERO
,,,,,r0ay,Gregor Ramskogler,,b0pz,VERO
,,,,,b0pz,Gregorio Biondolillo,,d875,VERO
,,,,,d875,Grigor Dimitrov,,lg37,VERO
,,,,,lg37,Grigoriy Lomakin,,s0yn,VERO
,,,,,s0yn,Grigory Shebekin,,j0aw,VERO
,,,,,j0aw,Guido Ivan Justo,,d0k3,VERO
,,,,,d0k3,Guillaume Dalmasso,,d0m9,VERO
,,,,,d0m9,Guillermo Tunas,,t0en,VERO
,,,,,t0en,Gunawan Trismuwantara,,g0oq,VERO
,,,,,g0oq,Gus Grumet,,s0ka,VERO
,,,,,s0ka,Gustaf Strom,,a0nj,VERO
,,,,,a0nj,Gustavo Albieri,,h0du,VERO
,,,,,h0du,Gustavo Heide,,d0ip,VERO
,,,,,d0ip,Gustavo Ribeiro De Almeida,,m0wy,VERO
,,,,,m0wy,Guto Miguel,,d0h9,VERO
,,,,,d0h9,Guy Den Ouden,,i327,VERO
,,,,,i327,Guy Orly Iradukunda,,h808,VERO
,,,,,h808,H. Heliovaara,,p0g6,VERO
,,,,,p0g6,H. Patten,,v0dr,VERO
,,,,,v0dr,Ha Minh Duc Vu,,hf80,VERO
,,,,,hf80,Hady Habib,,m0jf,VERO
,,,,,m0jf,Hamad Medjedovic,,s0ex,VERO
,,,,,s0ex,Hamish Stewart,,e0c5,VERO
,,,,,e0c5,Hamza El Amine,,ke25,VERO
,,,,,ke25,Hamza Karmoussi,,c0jz,VERO
,,,,,c0jz,Hanamichi Carvajal,,l0bu,VERO
,,,,,l0bu,Hanyi Liu,,ki34,VERO
,,,,,ki34,Hao Sheng Koay,,h0e3,VERO
,,,,,h0e3,Haoyuan Huang,,h0hr,VERO
,,,,,h0hr,Harold Huens,,m0g4,VERO
,,,,,m0g4,Harold Mayot,,t0cw,VERO
,,,,,t0cw,Harry Thursfield,,w0ah,VERO
,,,,,w0ah,Harry Wendelken,,m0sc,VERO
,,,,,m0sc,Hayato Matsuoka,,j0d5,VERO
,,,,,j0d5,Hayden Jones,,n0bk,VERO
,,,,,n0bk,Hazem Naw,,s0ak,VERO
,,,,,s0ak,Henri Squire,,b0qe,VERO
,,,,,b0qe,Henrik Bladelius,,v0j7,VERO
,,,,,v0j7,Henrik Villanger,,o0e9,VERO
,,,,,o0e9,Henrique Ortenblad Nogueira,,r0go,VERO
,,,,,r0go,Henrique Rocha,,b0tp,VERO
,,,,,b0tp,Henry Bernet,,l0kg,VERO
,,,,,l0kg,Henry Lieberman,,r0ni,VERO
,,,,,r0ni,Henry Ren,,s0tx,VERO
,,,,,s0tx,Henry Searle,,h0dw,VERO
,,,,,h0dw,Herman Hoeyeraal,,cg07,VERO
,,,,,cg07,Hernan Casanova,,e09u,VERO
,,,,,e09u,Hernando Jose Escurra Isnardi,,s1ee,VERO
,,,,,s1ee,Hidde Schoenmakers,,s0c2,VERO
,,,,,s0c2,Hikaru Shiraishi,,mi01,VERO
,,,,,mi01,Hiroki Moriya,,k0ng,VERO
,,,,,k0ng,Hiromasa Koyama,,c0qm,VERO
,,,,,c0qm,Hitesh Chauhan,,r0dg,VERO
,,,,,r0dg,Holger Rune,,f0bn,VERO
,,,,,f0bn,Hong-Lin Fu,,r0j1,VERO
,,,,,r0j1,Hoyoung Roh,,hb71,VERO
,,,,,hb71,Hubert Hurkacz,,r0fq,VERO
,,,,,r0fq,Hudson Rivera,,c0ri,VERO
,,,,,c0ri,Hugo Car,,c0lh,VERO
,,,,,c0lh,Hugo Cardinaud,,c0rc,VERO
,,,,,c0rc,Hugo Coquelin,,da31,VERO
,,,,,da31,Hugo Dellien,,g09o,VERO
,,,,,g09o,Hugo Gaston,,gf95,VERO
,,,,,gf95,Hugo Grenier,,h0l5,VERO
,,,,,h0l5,Hugo Hashimoto,,m0cj,VERO
,,,,,m0cj,Hugo Maia,,o0di,VERO
,,,,,o0di,Hugo Ouzilou,,pm20,VERO
,,,,,pm20,Hugo Pierre,,h0eb,VERO
,,,,,h0eb,Hunter Heck,,ch27,VERO
,,,,,ch27,Hyeon Chung,,b0ou,VERO
,,,,,b0ou,Hynek Barton,,c0hn,VERO
,,,,,c0hn,Ian Luca Cervantes Tomas,,m0ro,VERO
,,,,,m0ro,Iannis Miletich,,w0fd,VERO
,,,,,w0fd,Ids Waterbolk,,b0ez,VERO
,,,,,b0ez,Ignacio Antonio Becerra Otarola,,b0id,VERO
,,,,,b0id,Ignacio Buse,,d0p3,VERO
,,,,,d0p3,Ignacio De Armas,,mv75,VERO
,,,,,mv75,Ignacio Monzon,,n0bm,VERO
,,,,,n0bm,Ignacio Novo,,p0i5,VERO
,,,,,p0i5,Ignacio Parisca Romera,,f0hr,VERO
,,,,,f0hr,Ignasi Forcano Aparicio,,g0d9,VERO
,,,,,g0d9,Igor Gimenez,,k0ga,VERO
,,,,,k0ga,Igor Kudriashov,,rd48,VERO
,,,,,rd48,Igor Marcondes,,v0dq,VERO
,,,,,v0dq,Iiro Vasa,,g0ml,VERO
,,,,,g0ml,Iker Gaztambide Arrastia,,u09t,VERO
,,,,,u09t,Iker Urribarrens Ramirez,,h0lc,VERO
,,,,,h0lc,Ilan Zheng-Xiong Hediger,,s0o6,VERO
,,,,,s0o6,Ilia Simakin,,z0bj,VERO
,,,,,z0bj,Ilias Zimmermann,,p0o5,VERO
,,,,,p0o5,Ilija Palavestra,,r0il,VERO
,,,,,r0il,Iliyan Radulov,,me89,VERO
,,,,,me89,Illya Marchenko,,i0c6,VERO
,,,,,i0c6,Ilya Ignatov,,i305,VERO
,,,,,i305,Ilya Ivashka,,s0r5,VERO
,,,,,s0r5,Ilya Snitari,,f0ii,VERO
,,,,,f0ii,Ilyas Milad Fahim,,l0at,VERO
,,,,,l0at,Imanol Lopez Morillo,,m0nl,VERO
,,,,,m0nl,Inaki Montes-De La Torre,,c0jr,VERO
,,,,,c0jr,Ioan Alexandru Chirita,,k0he,VERO
,,,,,k0he,Ioannis Kountourakis,,x01c,VERO
,,,,,x01c,Ioannis Xilas,,b0hy,VERO
,,,,,b0hy,Isaac Becroft,,l0la,VERO
,,,,,l0la,Isaac Lhomond,,n0e5,VERO
,,,,,n0e5,Isaac Nortey,,s0v1,VERO
,,,,,s0v1,Isac Stroemberg,,sx77,VERO
,,,,,sx77,Isaiah Strode,,e0ab,VERO
,,,,,e0ab,Ishaque Eqbal,,o498,VERO
,,,,,o498,Issei Okamura,,b0ss,VERO
,,,,,b0ss,Ivan Biletic,,d09v,VERO
,,,,,d09v,Ivan Denisov,,d0ig,VERO
,,,,,d0ig,Ivan Dreycopp,,ge28,VERO
,,,,,ge28,Ivan Gakhov,,g0o5,VERO
,,,,,g0o5,Ivan Gretskiy,,i0bl,VERO
,,,,,i0bl,Ivan Iutkin,,i0bf,VERO
,,,,,i0bf,Ivan Ivanov,,lf40,VERO
,,,,,lf40,Ivan Liutarevich,,m09m,VERO
,,,,,m09m,Ivan Marrero Curbelo,,n561,VERO
,,,,,n561,Ivan Nedelko,,a0kq,VERO
,,,,,a0kq,Izan Almazan Valiente,,w09g,VERO
,,,,,w09g,J.J. Wolf,,a0ih,VERO
,,,,,a0ih,Jack Anthrop,,b0v4,VERO
,,,,,b0v4,Jack Bruce-Smith,,d0co,VERO
,,,,,d0co,Jack Draper,,k0jc,VERO
,,,,,k0jc,Jack Karlsson Wistrand,,k0np,VERO
,,,,,k0np,Jack Kennedy,,l0id,VERO
,,,,,l0id,Jack Loge,,l0ip,VERO
,,,,,l0ip,Jack Loutit,,m19i,VERO
,,,,,m19i,Jack Patrick Mcgary,,p0ht,VERO
,,,,,p0ht,Jack Pinnington Jones,,s1cn,VERO
,,,,,s1cn,Jack Satterfield,,s1cu,VERO
,,,,,s1cu,Jack Secord,,r0lh,VERO
,,,,,r0lh,Jackson Ross,,b0ot,VERO
,,,,,b0ot,Jacob Bradshaw,,b0d8,VERO
,,,,,b0d8,Jacob Brumm,,f0by,VERO
,,,,,f0by,Jacob Fearnley,,bu10,VERO
,,,,,bu10,Jacopo Berrettini,,b0ph,VERO
,,,,,b0ph,Jacopo Bilardo,,v0j1,VERO
,,,,,v0j1,Jacopo Vasami,,w0dp,VERO
,,,,,w0dp,Jaden Weekes,,c0nl,VERO
,,,,,c0nl,Jaesung Choe,,l0mb,VERO
,,,,,l0mb,Jagger Leach,,f0f2,VERO
,,,,,f0f2,Jaime Faria,,dc38,VERO
,,,,,dc38,Jake Delaney,,d0nq,VERO
,,,,,d0nq,Jake Dembo,,f0gd,VERO
,,,,,f0gd,Jakub Filip,,k0i2,VERO
,,,,,k0i2,Jakub Kroslak,,m0ni,VERO
,,,,,m0ni,Jakub Mensik,,n0d9,VERO
,,,,,n0d9,Jakub Nicod,,p0d0,VERO
,,,,,p0d0,Jakub Paul,,v0hr,VERO
,,,,,v0hr,Jakub Vrba,,b0rd,VERO
,,,,,b0rd,James Beaven,,c0pc,VERO
,,,,,c0pc,James Connel,,d994,VERO
,,,,,d994,James Duckworth,,h0f1,VERO
,,,,,h0f1,James Hopper,,m0oq,VERO
,,,,,m0oq,James McCabe,,s0h9,VERO
,,,,,s0h9,James Story,,t0bw,VERO
,,,,,t0bw,James Trotter,,v0ge,VERO
,,,,,v0ge,James Van Herzeele,,w0ed,VERO
,,,,,w0ed,James Watt,,m19t,VERO
,,,,,m19t,Jamie Mackenzie,,ch12,VERO
,,,,,ch12,Jan Choinski,,h0hx,VERO
,,,,,h0hx,Jan Hrazdil,,j0b6,VERO
,,,,,j0b6,Jan Jermar,,k0o5,VERO
,,,,,k0o5,Jan Klimas,,k0jh,VERO
,,,,,k0jh,Jan Kumstat,,k0fw,VERO
,,,,,k0fw,Jan Kupcic,,s1e0,VERO
,,,,,s1e0,Jan Sadzik,,s0r7,VERO
,,,,,s0r7,Jan Sebesta,,w0fx,VERO
,,,,,w0fx,Jan Wygona,,sl28,VERO
,,,,,sl28,Jan-Lennard Struff,,k0kc,VERO
,,,,,k0kc,Jangjun Kim,,o663,VERO
,,,,,o663,Jannik Opitz,,s0ag,VERO
,,,,,s0ag,Jannik Sinner,,j0c2,VERO
,,,,,j0c2,Jarno Jans,,j0er,VERO
,,,,,j0er,Jarrod Joyce,,j380,VERO
,,,,,j380,Jason Jung,,kb95,VERO
,,,,,kb95,Jason Kubler,,s0sd,VERO
,,,,,s0sd,Jasza Szajrych,,mu94,VERO
,,,,,mu94,Jaume Munar,,bv25,VERO
,,,,,bv25,Javier Barranco Cosano,,g0ne,VERO
,,,,,g0ne,Javier Guzman,,m0gx,VERO
,,,,,m0gx,Javier Molino,,ci14,VERO
,,,,,ci14,Jay Clarke,,h0jl,VERO
,,,,,h0jl,Jay Friend,,lb78,VERO
,,,,,lb78,Jea Moon Lee,,w660,VERO
,,,,,w660,Jefferson Wendler Filho,,f0ip,VERO
,,,,,f0ip,Jeffrey Fradkin,,v0e3,VERO
,,,,,v0e3,Jeffrey Von Der Schulenburg,,so20,VERO
,,,,,so20,Jelle Sels,,b0cd,VERO
,,,,,b0cd,Jenson Brooksby,,g0b7,VERO
,,,,,g0b7,Jeremy Gschwendtner,,j0d4,VERO
,,,,,j0d4,Jeremy Jin,,s0kh,VERO
,,,,,s0kh,Jeremy Schifris,,z0cn,VERO
,,,,,z0cn,Jeremy Zhang,,k0ep,VERO
,,,,,k0ep,Jerome Kym,,g0ql,VERO
,,,,,g0ql,Jerrid Gaines Jr,,b0ux,VERO
,,,,,b0ux,Jerry Barton,,r0jg,VERO
,,,,,r0jg,Jerry Roddick,,d0c1,VERO
,,,,,d0c1,Jesper de Jong,,d0ii,VERO
,,,,,d0ii,Jesse De Jager,,d0be,VERO
,,,,,d0be,Jesse Delaney,,f902,VERO
,,,,,f902,Jesse Flores,,n652,VERO
,,,,,n652,JiSung Nam,,c0aj,VERO
,,,,,c0aj,Jie Cui,,h0iw,VERO
,,,,,h0iw,Jim Hendrikx,,t0fv,VERO
,,,,,t0fv,Jin Peng Tang,,v0ep,VERO
,,,,,v0ep,Jip Van Assendelft,,n831,VERO
,,,,,n831,Jirat Navasirisomboon,,c0mv,VERO
,,,,,c0mv,Jiri Cizek,,l0bv,VERO
,,,,,l0bv,Jiri Lehecka,,v708,VERO
,,,,,v708,Jiri Vesely,,af67,VERO
,,,,,af67,Joao Antonio,,d985,VERO
,,,,,d985,Joao Domingues,,s0t1,VERO
,,,,,s0t1,Joao Eduardo Schiessl,,f0fv,VERO
,,,,,f0fv,Joao Fonseca,,gk07,VERO
,,,,,gk07,Joao Graca,,r0a7,VERO
,,,,,r0a7,Joao Lucas Reis Da Silva,,l0g5,VERO
,,,,,l0g5,Joao Victor Couto Loureiro,,gj90,VERO
,,,,,gj90,Joao Vitor Goncalves Ceolin,,s0yt,VERO
,,,,,s0yt,Joao Vitor Scramin Do Lago,,a0jw,VERO
,,,,,a0jw,Joaquin Aguilar Cardozo,,g0os,VERO
,,,,,g0os,Joaquin Guilleme,,l0kl,VERO
,,,,,l0kl,Joe Leather,,t0b1,VERO
,,,,,t0b1,Joe Tyler,,mw25,VERO
,,,,,mw25,Joel Meda,,s0wt,VERO
,,,,,s0wt,Joel Schwaerzler,,r0f1,VERO
,,,,,r0f1,Johan Alexander Rodriguez,,n830,VERO
,,,,,n830,Johan Nikles,,l0mu,VERO
,,,,,l0mu,Johan Oscar Lien,,i411,VERO
,,,,,i411,Johannes Ingildsen,,m0on,VERO
,,,,,m0on,Johannus Monday,,b0vz,VERO
,,,,,b0vz,John Bothma,,e0au,VERO
,,,,,e0au,John Echeverria,,h0e7,VERO
,,,,,h0e7,John Hallquist Lithen,,s0lr,VERO
,,,,,s0lr,John Sperle,,g0q4,VERO
,,,,,g0q4,Jon Gamble,,b0pk,VERO
,,,,,b0pk,Jonah Braswell,,e09h,VERO
,,,,,e09h,Jonas Eriksson Ziverts,,f0bt,VERO
,,,,,f0bt,Jonas Forejtek,,g0lr,VERO
,,,,,g0lr,Jonas Gundacker,,k0k5,VERO
,,,,,k0k5,Jonas Kucera,,h0i0,VERO
,,,,,h0i0,Jonas Pelle Hartenstein,,s0i2,VERO
,,,,,s0i2,Jonas Schaer,,mm78,VERO
,,,,,mm78,Jonathan Mridha,,l0oa,VERO
,,,,,l0oa,Jordan Lee,,tc61,VERO
,,,,,tc61,Jordan Thompson,,mv26,VERO
,,,,,mv26,Jordi Mas De Ugarte,,p0e2,VERO
,,,,,p0e2,Jorge Plans,,da86,VERO
,,,,,da86,Joris De Loore,,d0fl,VERO
,,,,,d0fl,Jose Dominguez Alonso,,f0j1,VERO
,,,,,f0j1,Jose Freitas,,c0kz,VERO
,,,,,c0kz,Jose Luis Claro,,pc09,VERO
,,,,,pc09,Jose Pereira,,c09y,VERO
,,,,,c09y,Joshua Charlton,,l0dk,VERO
,,,,,l0dk,Joshua Lapadat,,pm28,VERO
,,,,,pm28,Joshua Peck,,s0nn,VERO
,,,,,s0nn,Joshua Sheehy,,s0um,VERO
,,,,,s0um,Josip Simundza,,kc04,VERO
,,,,,kc04,Jozef Kovalik,,d0ou,VERO
,,,,,d0ou,João Pedro Didoni Bonini,,o09s,VERO
,,,,,o09s,Juan Bautista Otegui,,t0dm,VERO
,,,,,t0dm,Juan Bautista Torres,,a09w,VERO
,,,,,a09w,Juan Carlos Aguilar,,f0ik,VERO
,,,,,f0ik,Juan Carlos Fuentes Vasquez,,p0iy,VERO
,,,,,p0iy,Juan Carlos Prado Angelo,,m0r4,VERO
,,,,,m0r4,Juan Cruz Martin Manzano,,e0di,VERO
,,,,,e0di,Juan Estevez,,m0wj,VERO
,,,,,m0wj,Juan Francisco Munoz,,b0zh,VERO
,,,,,b0zh,Juan Ignacio Barraza,,b0vt,VERO
,,,,,b0vt,Juan Jose Bianchi,,c0c8,VERO
,,,,,c0c8,Juan Manuel Cerundolo,,l0gr,VERO
,,,,,l0gr,Juan Manuel La Serna,,fa43,VERO
,,,,,fa43,Juan Pablo Ficovich,,pg69,VERO
,,,,,pg69,Juan Pablo Paz,,v836,VERO
,,,,,v836,Juan Pablo Varillas,,gb41,VERO
,,,,,gb41,Juan Sebastian Gomez,,o560,VERO
,,,,,o560,Juan Sebastian Osorio,,a812,VERO
,,,,,a812,Juan-Samuel Arauzo-Martinez,,l0j2,VERO
,,,,,l0j2,Jules Leroux,,a0k1,VERO
,,,,,a0k1,Julian Alonso Jr,,c0h5,VERO
,,,,,c0h5,Julian Cundom,,v0j4,VERO
,,,,,v0j4,Julian Valenzuela,,d0cq,VERO
,,,,,d0cq,Julien De Cuyper,,p0i8,VERO
,,,,,p0i8,Julien Penzlin,,c0kh,VERO
,,,,,c0kh,Julio Cesar Porras,,h0m9,VERO
,,,,,h0m9,Julius Maximilian Haus,,b0i8,VERO
,,,,,b0i8,Juliusz Bienkiewicz,,y235,VERO
,,,,,y235,Jumpei Yamasaki,,l0ni,VERO
,,,,,l0ni,Jun Hao Luo,,s0re,VERO
,,,,,s0re,Juncheng Shang,,l0e5,VERO
,,,,,l0e5,Junhyeon Lee,,r09x,VERO
,,,,,r09x,Jurij Rodionov,,t0bn,VERO
,,,,,t0bn,Justas Trainauskas,,b0c7,VERO
,,,,,b0c7,Justin Barki,,b0f8,VERO
,,,,,b0f8,Justin Boulais,,e0dd,VERO
,,,,,e0dd,Justin Engel,,l0no,VERO
,,,,,l0no,Justin Lenders,,rh17,VERO
,,,,,rh17,Justin Roberts,,s0e4,VERO
,,,,,s0e4,Justin Schlageter,,h0cp,VERO
,,,,,h0cp,Kabir Hans,,k0nu,VERO
,,,,,k0nu,Kacper Knitter,,s0zf,VERO
,,,,,s0zf,Kacper Szymkowiak,,h0gu,VERO
,,,,,h0gu,Kaeri Hernandez Mariona,,t0lc,VERO
,,,,,t0lc,Kai Thompson,,w712,VERO
,,,,,w712,Kai Wehnelt,,w0g2,VERO
,,,,,w0g2,Kai-An Wu,,w0ey,VERO
,,,,,w0ey,Kai-I Wang,,u120,VERO
,,,,,u120,Kaichi Uchida,,k0pj,VERO
,,,,,k0pj,Kaigaoge Kang,,u174,VERO
,,,,,u174,Kaito Uesugi,,i0ap,VERO
,,,,,i0ap,Kalin Ivanovski,,mq75,VERO
,,,,,mq75,Kamil Majchrzak,,b0rn,VERO
,,,,,b0rn,Kane Bonsach Ganley,,s0ri,VERO
,,,,,s0ri,Karan Singh,,ke29,VERO
,,,,,ke29,Karen Khachanov,,b0qq,VERO
,,,,,b0qq,Karim Bennani,,i0b3,VERO
,,,,,i0b3,Karim Ibrahim,,mj70,VERO
,,,,,mj70,Karim-Mohamed Maamoun,,f09j,VERO
,,,,,f09j,Karl Friberg,,l0ka,VERO
,,,,,l0ka,Karl Kazuma Lee,,p0c1,VERO
,,,,,p0c1,Karl Poling,,o0bq,VERO
,,,,,o0bq,Karlis Ozolins,,k0dd,VERO
,,,,,k0dd,Karlo Kajin,,f0hn,VERO
,,,,,f0hn,Karol Filar,,m0rq,VERO
,,,,,m0rq,Karol Malirz,,sm88,VERO
,,,,,sm88,Karue Sell,,s1cy,VERO
,,,,,s1cy,Kase Schinnerer,,s0hr,VERO
,,,,,s0hr,Kasidit Samrej,,m1ah,VERO
,,,,,m1ah,Kaspar Mathes,,r0k4,VERO
,,,,,r0k4,Kasra Rahmani,,a0f7,VERO
,,,,,a0f7,Kaya Arinc,,b0pw,VERO
,,,,,b0pw,Kaylan Bigun,,n934,VERO
,,,,,n934,Kazuki Nishiwaki,,ke85,VERO
,,,,,ke85,Kazuma Kawachi,,h0m1,VERO
,,,,,h0m1,Keaton Hance,,r0ji,VERO
,,,,,r0ji,Keegan Rice,,s0dq,VERO
,,,,,s0dq,Keegan Smith,,m0da,VERO
,,,,,m0da,Keenan Mayo,,n552,VERO
,,,,,n552,Kei Nishikori,,s0ld,VERO
,,,,,s0ld,Keisuke Saitoh,,g0kx,VERO
,,,,,g0kx,Kelly Giese,,d750,VERO
,,,,,d750,Kenny De Schepper,,m0rx,VERO
,,,,,m0rx,Kenta Miyoshi,,y0b7,VERO
,,,,,y0b7,Kerem Yilmaz,,c0gg,VERO
,,,,,c0gg,Keshav Chopra,,e0d4,VERO
,,,,,e0d4,Kevin Edengren,,m0fn,VERO
,,,,,m0fn,Khololwam Montsi,,sr81,VERO
,,,,,sr81,Khumoyun Sultanov,,v0g9,VERO
,,,,,v0g9,Kian Vakili,,f0f4,VERO
,,,,,f0f4,Kilian Feldbausch,,cg33,VERO
,,,,,cg33,Kimmer Coppejans,,p0ed,VERO
,,,,,p0ed,Kiranpal Pannu,,ki71,VERO
,,,,,ki71,Kirill Kivattsev,,sj67,VERO
,,,,,sj67,Ko Suzuki,,pl69,VERO
,,,,,pl69,Kody Pearson,,m0sb,VERO
,,,,,m0sb,Koki Matsuda,,i0ax,VERO
,,,,,i0ax,Kokoro Isomura,,z0bu,VERO
,,,,,z0bu,Konstantin Zhzhenov,,ki91,VERO
,,,,,ki91,Koray Kirci,,h0k2,VERO
,,,,,h0k2,Kornel Halmos,,o09t,VERO
,,,,,o09t,Kosuke Ogura,,s0i1,VERO
,,,,,s0i1,Kosuke Shibano,,t0il,VERO
,,,,,t0il,Kriish Tyagi,,va23,VERO
,,,,,va23,Kris Van Wyk,,j0bq,VERO
,,,,,j0bq,Kristijan Juhas,,tg67,VERO
,,,,,tg67,Kristjan Tamm,,ke42,VERO
,,,,,ke42,Krittin Koaykul,,lh70,VERO
,,,,,lh70,Kuan-Yi Lee,,x01d,VERO
,,,,,x01d,Kuang Qing Xu,,p0p2,VERO
,,,,,p0p2,Kunanan Pantaratorn,,c0b9,VERO
,,,,,c0b9,Kuzey Cekirge,,e831,VERO
,,,,,e831,Kyle Edmund,,k0hl,VERO
,,,,,k0hl,Kyle Kang,,o0bg,VERO
,,,,,o0bg,Kyle Overmyer,,sz28,VERO
,,,,,sz28,Kyle Seelig,,c0pl,VERO
,,,,,c0pl,Kylian Collignon,,j0az,VERO
,,,,,j0az,Kyrian Jacquet,,m0zk,VERO
,,,,,m0zk,Lachlan James Mcfadzean,,db63,VERO
,,,,,db63,Laslo Djere,,p0ks,VERO
,,,,,p0ks,Lasse Poertner,,t0l3,VERO
,,,,,t0l3,Laurence Teunissen,,lc12,VERO
,,,,,lc12,Laurent Lokoli,,a0e0,VERO
,,,,,a0e0,Laurin Aerne,,f0af,VERO
,,,,,f0af,Lautaro Agustin Falabella,,c0o5,VERO
,,,,,c0o5,Lautaro Correa Beguerie,,m0oh,VERO
,,,,,m0oh,Lautaro Midon,,r0nr,VERO
,,,,,r0nr,Lautaro Rocha,,bm09,VERO
,,,,,bm09,Lawrence Bataljin,,v0b5,VERO
,,,,,v0b5,Lazar Vojinovic,,r0fs,VERO
,,,,,r0fs,Leandro Riedi,,t0ha,VERO
,,,,,t0ha,Learner Tien,,s0cv,VERO
,,,,,s0cv,Leevi Saatela,,c0tm,VERO
,,,,,c0tm,Lenny Couturier,,b0jg,VERO
,,,,,b0jg,Leo Borg,,d0j9,VERO
,,,,,d0j9,Leo Deflandre,,l0l7,VERO
,,,,,l0l7,Leo Lagarrigue,,r0hq,VERO
,,,,,r0hq,Leo Raquillet,,v0g6,VERO
,,,,,v0g6,Leo Vithoontien,,s1ea,VERO
,,,,,s1ea,Leon Sloboda,,ag57,VERO
,,,,,ag57,Leonardo Aboian,,a0l8,VERO
,,,,,a0l8,Leonardo Angeloni,,b0m8,VERO
,,,,,b0m8,Leonardo Borrelli,,c0r1,VERO
,,,,,c0r1,Leonardo Cattaneo,,i0bj,VERO
,,,,,i0bj,Leonardo Iemmi,,m0n4,VERO
,,,,,m0n4,Leonardo Malgaroli,,p0ox,VERO
,,,,,p0ox,Leonardo Primucci,,r0h6,VERO
,,,,,r0h6,Leonardo Rossi,,s1dp,VERO
,,,,,s1dp,Leonardo Suarez,,s0lf,VERO
,,,,,s0lf,Leonid Sheyngezikht,,s1d6,VERO
,,,,,s1d6,Lev Seidman,,l0by,VERO
,,,,,l0by,Lewie Lane,,r0ew,VERO
,,,,,r0ew,Leyton Rivera,,tc01,VERO
,,,,,tc01,Li Tu,,b0m0,VERO
,,,,,b0m0,Liam Branger,,bi23,VERO
,,,,,bi23,Liam Broady,,d0ia,VERO
,,,,,d0ia,Liam Delicata,,d0dp,VERO
,,,,,d0dp,Liam Draxl,,g0gz,VERO
,,,,,g0gz,Liam Gavrielides,,h0h5,VERO
,,,,,h0h5,Liam Hignett,,k0ir,VERO
,,,,,k0ir,Liam Krall,,m0gy,VERO
,,,,,m0gy,Lilian Marmousez,,x01a,VERO
,,,,,x01a,Linang Xiao,,z0c5,VERO
,,,,,z0c5,Linghao Zhang,,z0a2,VERO
,,,,,z0a2,Lingxi Zhao,,l0hy,VERO
,,,,,l0hy,Linus Lagerbohm,,hg86,VERO
,,,,,hg86,Lloyd Harris,,l0im,VERO
,,,,,l0im,Loan Lestir,,m0qk,VERO
,,,,,m0qk,Loann Massard,,n0f3,VERO
,,,,,n0f3,Loic Namigandet Tenguere,,b0q1,VERO
,,,,,b0q1,Loren Thomas Byers,,a0hz,VERO
,,,,,a0hz,Lorenzo Angelini,,b0z4,VERO
,,,,,b0z4,Lorenzo Balducci,,b0qk,VERO
,,,,,b0qk,Lorenzo Beraldo,,b0am,VERO
,,,,,b0am,Lorenzo Bocchi,,c0ow,VERO
,,,,,c0ow,Lorenzo Carboni,,c0rx,VERO
,,,,,c0rx,Lorenzo Comino,,f0dw,VERO
,,,,,f0dw,Lorenzo Ferri,,g0d4,VERO
,,,,,g0d4,Lorenzo Gagliardo,,ga79,VERO
,,,,,ga79,Lorenzo Giustino,,r0bc,VERO
,,,,,r0bc,Lorenzo Joaquin Rodriguez,,l0g4,VERO
,,,,,l0g4,Lorenzo Lorusso,,m0ej,VERO
,,,,,m0ej,Lorenzo Musetti,,r0b6,VERO
,,,,,r0b6,Lorenzo Rottoli,,s0w4,VERO
,,,,,s0w4,Lorenzo Sciahbasi,,su87,VERO
,,,,,su87,Lorenzo Sonego,,d09l,VERO
,,,,,d09l,Louis Dussin,,h0b3,VERO
,,,,,h0b3,Louis Herman,,l0io,VERO
,,,,,l0io,Louis Larue,,tg42,VERO
,,,,,tg42,Louis Tessa,,v0as,VERO
,,,,,v0as,Louis Van Herck,,wb25,VERO
,,,,,wb25,Louis Wessels,,fc50,VERO
,,,,,fc50,Luc Fomba,,k0ge,VERO
,,,,,k0ge,Luc Koenig,,c0hv,VERO
,,,,,c0hv,Luca Castagnola,,ch80,VERO
,,,,,ch80,Luca Castelnuovo,,f0e4,VERO
,,,,,f0e4,Luca Fantini,,n0bg,VERO
,,,,,n0bg,Luca Nardi,,p0ik,VERO
,,,,,p0ik,Luca Parenti,,p0b2,VERO
,,,,,p0b2,Luca Potenza,,p0jl,VERO
,,,,,p0jl,Luca Pow,,p0me,VERO
,,,,,p0me,Luca Preda,,s0h1,VERO
,,,,,s0h1,Luca Staeheli,,v0dz,VERO
,,,,,v0dz,Luca Van Assche,,w09t,VERO
,,,,,w09t,Luca Wiedenmann,,a0l6,VERO
,,,,,a0l6,Lucas Andrade Da Silva,,bu32,VERO
,,,,,bu32,Lucas Bouquet,,gf23,VERO
,,,,,gf23,Lucas Gerch,,m0wz,VERO
,,,,,m0wz,Lucas Marionneau,,pj74,VERO
,,,,,pj74,Lucas Poullain,,h0hc,VERO
,,,,,h0hc,Lucca Helguera Casado,,l0m6,VERO
,,,,,l0m6,Lucca Liu,,p0iu,VERO
,,,,,p0iu,Lucca Pinto,,c0c5,VERO
,,,,,c0c5,Luciano Carraro,,d0fj,VERO
,,,,,d0fj,Luciano Darderi,,a0ik,VERO
,,,,,a0ik,Luciano Emanuel Ambrogi,,r0hp,VERO
,,,,,r0hp,Lucio Ratti,,k0kn,VERO
,,,,,k0kn,Lucky Candra Kurniawan,,m0nj,VERO
,,,,,m0nj,Lui Maxted,,f0j4,VERO
,,,,,f0j4,Luis Andres Flores Avila,,a0iy,VERO
,,,,,a0iy,Luis Carlos Alvarez,,mf70,VERO
,,,,,mf70,Luis David Martinez,,m0ot,VERO
,,,,,m0ot,Luis Felipe Miguel,,g0o2,VERO
,,,,,g0o2,Luis Garcia Paez,,n0f1,VERO
,,,,,n0f1,Luis Jose Nakamine,,b0uf,VERO
,,,,,b0uf,Luka Bojicic Ono,,m0n1,VERO
,,,,,m0n1,Luka Mikrut,,p0ay,VERO
,,,,,p0ay,Luka Pavlovic,,t0jm,VERO
,,,,,t0jm,Luka Talan Lopatic,,h0bc,VERO
,,,,,h0bc,Lukas Hellum-Lilleengen,,ki63,VERO
,,,,,ki63,Lukas Klein,,n0cs,VERO
,,,,,n0cs,Lukas Neumayer,,p0hp,VERO
,,,,,p0hp,Lukas Pokorny,,h0l8,VERO
,,,,,h0l8,Luke Hooper,,s0ao,VERO
,,,,,s0ao,Luke Simkiss,,m0d4,VERO
,,,,,m0d4,M Rifki Fitriadi,,k0mw,VERO
,,,,,k0mw,Maan Kesharwani,,v0j6,VERO
,,,,,v0j6,Mac Visser,,m0ry,VERO
,,,,,m0ry,Maciej Matuszczyk,,ra43,VERO
,,,,,ra43,Maciej Rajski,,mk66,VERO
,,,,,mk66,Mackenzie McDonald,,k0hm,VERO
,,,,,k0hm,Madhwin Kamath,,m0to,VERO
,,,,,m0to,Mae Malige,,c0u6,VERO
,,,,,c0u6,Mahmoud Chetouane,,s0gf,VERO
,,,,,s0gf,Maik Steiner,,d0hb,VERO
,,,,,d0hb,Maikel De Boes,,m0u5,VERO
,,,,,m0u5,Mak Mikovic,,k0j6,VERO
,,,,,k0j6,Makar Krivoshchekov,,o664,VERO
,,,,,o664,Makoto Ochi,,k0hc,VERO
,,,,,k0hc,Maks Kasnikowski,,d0ox,VERO
,,,,,d0ox,Malanqi Du,,d0ji,VERO
,,,,,d0ji,Manas Dhamne,,l0kr,VERO
,,,,,l0kr,Manel Lazaro Juncadella,,sy74,VERO
,,,,,sy74,Manish Sureshkumar,,gh33,VERO
,,,,,gh33,Manuel Guinard,,m0en,VERO
,,,,,m0en,Manuel Mazza,,m0nz,VERO
,,,,,m0nz,Manuel Mouilleron Salvo,,p0ln,VERO
,,,,,p0ln,Manuel Plunger,,si82,VERO
,,,,,si82,Manuel Sanchez,,b0w4,VERO
,,,,,b0w4,Manvydas Balciunas,,s0mn,VERO
,,,,,s0mn,Marat Sharipov,,m0v5,VERO
,,,,,m0v5,Marc Majdandzic,,pg94,VERO
,,,,,pg94,Marc Polmans,,v0in,VERO
,,,,,v0in,Marc Van Der Merwe,,hh06,VERO
,,,,,hh06,Marc-Andrea Huesler,,k0i7,VERO
,,,,,k0i7,Marcel Kamrowski,,l0o6,VERO
,,,,,l0o6,Marcel Latak,,z0c9,VERO
,,,,,z0c9,Marcel Zielinski,,s0rf,VERO
,,,,,s0rf,Marcello Serafini,,a0mb,VERO
,,,,,a0mb,Marcin Andrzejczak,,cf01,VERO
,,,,,cf01,Marco Cecchinato,,f0dd,VERO
,,,,,f0dd,Marco Furlanetto,,m1bk,VERO
,,,,,m1bk,Marco Migliorati,,ta29,VERO
,,,,,ta29,Marco Trungelliti,,c0q8,VERO
,,,,,c0q8,Marcos Castro Fabra,,gc88,VERO
,,,,,gc88,Marcos Giron,,w719,VERO
,,,,,w719,Marcus Walters,,g09c,VERO
,,,,,g09c,Marek Gengel,,d0ku,VERO
,,,,,d0ku,Mariano Dedura-Palomero,,ke69,VERO
,,,,,ke69,Mariano Kestelboim,,n0bs,VERO
,,,,,n0bs,Mariano Navone,,t0g2,VERO
,,,,,t0g2,Mariano Tammaro,,c977,VERO
,,,,,c977,Marin Cilic,,g0g2,VERO
,,,,,g0g2,Mario Gonzalez Fernandez,,m0ee,VERO
,,,,,m0ee,Mario Mansilla Diez,,m0xa,VERO
,,,,,m0xa,Mario Martinez Serrano,,h0gi,VERO
,,,,,h0gi,Mark Havlicek,,l0gh,VERO
,,,,,l0gh,Mark Lajal,,w716,VERO
,,,,,w716,Mark Whitehouse,,m0no,VERO
,,,,,m0no,Marko Maksimovic,,m0t3,VERO
,,,,,m0t3,Marko Mesarovic,,m0cg,VERO
,,,,,m0cg,Marko Miladinovic,,m0xd,VERO
,,,,,m0xd,Marko Milosavljevic,,t0fi,VERO
,,,,,t0fi,Marko Topo,,kd48,VERO
,,,,,kd48,Markos Kalovelonis,,m0vh,VERO
,,,,,m0vh,Markus Malaszszak,,m0w0,VERO
,,,,,m0w0,Markus Molder,,v0bp,VERO
,,,,,v0bp,Marlon Vankan,,v0do,VERO
,,,,,v0do,Martin Antonio Vergara Del Puerto,,b0a1,VERO
,,,,,b0a1,Martin Borisiouk,,d0dt,VERO
,,,,,d0dt,Martin Damm,,d0no,VERO
,,,,,d0no,Martin Doskocil,,k966,VERO
,,,,,k966,Martin Klizan,,k0fy,VERO
,,,,,k0fy,Martin Krumich,,l0il,VERO
,,,,,l0il,Martin Landaluce,,m0k6,VERO
,,,,,m0k6,Martin Maldonado,,s0rh,VERO
,,,,,s0rh,Martin Sabas,,v0bs,VERO
,,,,,v0bs,Martin Van Der Meerschen,,r0ct,VERO
,,,,,r0ct,Martins Rocens,,f724,VERO
,,,,,f724,Marton Fucsovics,,p0ig,VERO
,,,,,p0ig,Martyn Pawelski,,s0ce,VERO
,,,,,s0ce,Marvin Bernardo Spiering,,m0bn,VERO
,,,,,m0bn,Marvin Moeller,,i426,VERO
,,,,,i426,Masamichi Imamura,,n0ag,VERO
,,,,,n0ag,Mason Naumovski,,g0i3,VERO
,,,,,g0i3,Massimo Giunta,,v0et,VERO
,,,,,v0et,Matas Vasiliauskas,,va70,VERO
,,,,,va70,Mate Valkusz,,b0tt,VERO
,,,,,b0tt,Matei Florin Breazu,,t0hn,VERO
,,,,,t0hn,Matei Todoran,,v0jw,VERO
,,,,,v0jw,Matei Varbanciu,,d0l3,VERO
,,,,,d0l3,Matej Dodig,,b0e4,VERO
,,,,,b0e4,Mateo Barreiros Reyes,,c0su,VERO
,,,,,c0su,Mateo Carballo,,c0lg,VERO
,,,,,c0lg,Mateo Castañeda,,d0hz,VERO
,,,,,d0hz,Mateo Del Pino,,d0ar,VERO
,,,,,d0ar,Mateus Alves,,s1a6,VERO
,,,,,s1a6,Mateya Stanisavljevic,,p0df,VERO
,,,,,p0df,Matheus Pucinelli De Almeida,,bk19,VERO
,,,,,bk19,Mathias Bourgue,,s09b,VERO
,,,,,s09b,Mathieu Scaglia,,b0m7,VERO
,,,,,b0m7,Mathis Bondaz,,d0lz,VERO
,,,,,d0lz,Mathys Domenc,,e0ac,VERO
,,,,,e0ac,Mathys Erhard,,p0qh,VERO
,,,,,p0qh,Mathys Picard,,p0i4,VERO
,,,,,p0i4,Matias Ponce De Leon Gomila,,s0ek,VERO
,,,,,s0ek,Matias Soto,,h0jq,VERO
,,,,,h0jq,Matic Hribar,,k0jy,VERO
,,,,,k0jy,Matic Kriznik,,ph42,VERO
,,,,,ph42,Matija Pecotic,,b0pn,VERO
,,,,,b0pn,Matisse Bobichon,,f0ig,VERO
,,,,,f0ig,Matisse Farzam,,rh62,VERO
,,,,,rh62,Mats Rosenkranz,,h0hs,VERO
,,,,,h0hs,Matt Hulme,,k0o6,VERO
,,,,,k0o6,Matt Kleiman,,k0em,VERO
,,,,,k0em,Matt Kuhar,,p0iv,VERO
,,,,,p0iv,Matt Ponchet,,a0fc,VERO
,,,,,a0fc,Matteo Arnaldi,,bk40,VERO
,,,,,bk40,Matteo Berrettini,,c0px,VERO
,,,,,c0px,Matteo Covato,,dh35,VERO
,,,,,dh35,Matteo De Vincentis,,f0gu,VERO
,,,,,f0gu,Matteo Fondriest,,g0gd,VERO
,,,,,g0gd,Matteo Gigante,,g0qb,VERO
,,,,,g0qb,Matteo Gribaldo,,l0jc,VERO
,,,,,l0jc,Matteo Lavizzari,,mw76,VERO
,,,,,mw76,Matteo Martineau,,m0ws,VERO
,,,,,m0ws,Matteo Mesaglio,,s1az,VERO
,,,,,s1az,Matteo Sciahbasi,,c0up,VERO
,,,,,c0up,Matthew Carroll,,d0a2,VERO
,,,,,d0a2,Matthew Dellavedova,,f0i8,VERO
,,,,,f0i8,Matthew Forbes,,r0hx,VERO
,,,,,r0hx,Matthew Rankin,,s0im,VERO
,,,,,s0im,Matthew Segura,,s0y7,VERO
,,,,,s0y7,Matthew Summers,,t0bh,VERO
,,,,,t0bh,Matthew Thomson,,d0hm,VERO
,,,,,d0hm,Matthew William Donald,,u0a3,VERO
,,,,,u0a3,Matthias Ujvary,,b0gg,VERO
,,,,,b0gg,Mattia Bellucci,,n0g6,VERO
,,,,,n0g6,Mattia Nannelli,,p0ot,VERO
,,,,,p0ot,Mattias Pisanu,,c0gu,VERO
,,,,,c0gu,Matyas Cerny,,f09u,VERO
,,,,,f09u,Matyas Fuele,,s1cx,VERO
,,,,,s1cx,Mauricio Schtulmann Gasca,,a0ea,VERO
,,,,,a0ea,Max Alcala Gurri,,b0je,VERO
,,,,,b0je,Max Basing,,d0i5,VERO
,,,,,d0i5,Max Dahlin,,r0ed,VERO
,,,,,r0ed,Max Hans Rehberg,,h0cx,VERO
,,,,,h0cx,Max Houkes,,s0vu,VERO
,,,,,s0vu,Max Schoenhaus,,s0tj,VERO
,,,,,s0tj,Max Sheldon,,w0bb,VERO
,,,,,w0bb,Max Wiskandt,,b0a0,VERO
,,,,,b0a0,Maxence Beauge,,b0bz,VERO
,,,,,b0bz,Maxence Bertimon,,r0ib,VERO
,,,,,r0ib,Maxence Rivet,,c0sk,VERO
,,,,,c0sk,Maxi Carrascosa Diaz,,g0pq,VERO
,,,,,g0pq,Maxim Groysman,,m0se,VERO
,,,,,m0se,Maxim Mrva,,s0uu,VERO
,,,,,s0uu,Maxim Shin,,z0c3,VERO
,,,,,z0c3,Maxim Zhukov,,cd00,VERO
,,,,,cd00,Maxime Chazal,,c0bc,VERO
,,,,,c0bc,Maxime Cressy,,j620,VERO
,,,,,j620,Maxime Janvier,,b0xe,VERO
,,,,,b0xe,Maximilian Borisov,,f0fb,VERO
,,,,,f0fb,Maximilian Figl,,h0gk,VERO
,,,,,h0gk,Maximilian Homberg,,mn13,VERO
,,,,,mn13,Maximilian Marterer,,n663,VERO
,,,,,n663,Maximilian Neuchrist,,o0d2,VERO
,,,,,o0d2,Maximilian Oezcelik,,t0de,VERO
,,,,,t0de,Maximilian Todorov,,z0co,VERO
,,,,,z0co,Maximo Zeitune,,j0d2,VERO
,,,,,j0d2,Maximus Jones,,w0en,VERO
,,,,,w0en,Maximus Zavier Wong,,e0dp,VERO
,,,,,e0dp,Maxwell Exsted,,m0i0,VERO
,,,,,m0i0,Maxwell Mckennon,,r0kd,VERO
,,,,,r0kd,Mees Rottgering,,b0m1,VERO
,,,,,b0m1,Mehdi Benchakroun,,a0lv,VERO
,,,,,a0lv,Melih Anavatan,,ea31,VERO
,,,,,ea31,Melios Efstathiou,,k0n5,VERO
,,,,,k0n5,Melvin Kumar,,a09q,VERO
,,,,,a09q,Mert Alkaya,,td49,VERO
,,,,,td49,Mert Naci Turker,,b0j8,VERO
,,,,,b0j8,Micah Braswell,,a0ja,VERO
,,,,,a0ja,Michael Agwi,,a0o1,VERO
,,,,,a0o1,Michael Antonius,,b0lv,VERO
,,,,,b0lv,Michael Bassem Sobhy,,gg65,VERO
,,,,,gg65,Michael Geerts,,g0ei,VERO
,,,,,g0ei,Michael Gloeckler,,mp01,VERO
,,,,,mp01,Michael Mmoh,,v0b2,VERO
,,,,,v0b2,Michael Vrbensky,,z0bz,VERO
,,,,,z0bz,Michael Zheng,,z350,VERO
,,,,,z350,Michael Zhu,,k0l1,VERO
,,,,,k0l1,Michal Krajci,,m0mu,VERO
,,,,,m0mu,Michal Novansky,,s0g3,VERO
,,,,,s0g3,Michalis Sakellaridis,,h0gw,VERO
,,,,,h0gw,Michel Hopp,,m0xl,VERO
,,,,,m0xl,Michele Mecarelli,,r0jw,VERO
,,,,,r0jw,Michele Ribecai,,dh55,VERO
,,,,,dh55,Michiel De Krom,,k0nt,VERO
,,,,,k0nt,Mickael Kaouk,,d0cn,VERO
,,,,,d0cn,Miguel Damas,,t0i3,VERO
,,,,,t0i3,Miguel Tobon,,v0gb,VERO
,,,,,v0gb,Miha Vetrih,,c0ke,VERO
,,,,,c0ke,Mihai Alexandru Coman,,m0ho,VERO
,,,,,m0ho,Mihai Razvan Marinescu,,b0lw,VERO
,,,,,b0lw,Mika Brunold,,l0gj,VERO
,,,,,l0gj,Mika Lipp,,p0o9,VERO
,,,,,p0o9,Mika Petkovic,,a0k4,VERO
,,,,,a0k4,Mikael Arseneault,,y268,VERO
,,,,,y268,Mikael Ymer,,a0hk,VERO
,,,,,a0hk,Mikail Alimli,,sg78,VERO
,,,,,sg78,Mikal Statham,,hh15,VERO
,,,,,hh15,Mikalai Haliak,,m0nf,VERO
,,,,,m0nf,Mikel Martinez,,d0k1,VERO
,,,,,d0k1,Mikhail Dubrouski,,k926,VERO
,,,,,k926,Mikhail Kukushkin,,l0du,VERO
,,,,,l0du,Mikolaj Lorens,,w0an,VERO
,,,,,w0an,Milan Welte,,c0q5,VERO
,,,,,c0q5,Miles Clark,,j0ai,VERO
,,,,,j0ai,Miles Jones,,p0gq,VERO
,,,,,p0gq,Mili Poljicak,,h0ei,VERO
,,,,,h0ei,Millen Hurrion,,k0hg,VERO
,,,,,k0hg,Milos Karol,,m0nk,VERO
,,,,,m0nk,Milos Mikovic,,k0q7,VERO
,,,,,k0q7,Min Ho Ko,,z0d7,VERO
,,,,,z0d7,Minghui Zhang,,m0fx,VERO
,,,,,m0fx,Minjong Park,,ki95,VERO
,,,,,ki95,Miomir Kecmanovic,,be67,VERO
,,,,,be67,Mirza Basic,,kc12,VERO
,,,,,kc12,Mitchell Krueger,,l0i5,VERO
,,,,,l0i5,Mitsuki Wei Kang Leong,,m0qj,VERO
,,,,,m0qj,Moein Moazam,,b0ek,VERO
,,,,,b0ek,Moerani Bouzige,,ea13,VERO
,,,,,ea13,Moez Echargui,,a0fu,VERO
,,,,,a0fu,Mohamed Ali Abibsi,,mn49,VERO
,,,,,mn49,Mohamed Nazim Makhlouf,,sk47,VERO
,,,,,sk47,Mohamed Safwat,,a0kf,VERO
,,,,,a0kf,Mohammad Alkotop,,k0o4,VERO
,,,,,k0o4,Moise Kouame,,k0iv,VERO
,,,,,k0iv,Moritz Kudernatsch,,a0n5,VERO
,,,,,a0n5,Motoharu Abe,,mp13,VERO
,,,,,mp13,Mukund Sasikumar,,dc48,VERO
,,,,,dc48,Murkel Dellien,,c0ht,VERO
,,,,,c0ht,Murphy Cassone,,s1d0,VERO
,,,,,s1d0,Mustafa Ege Sik,,m0fs,VERO
,,,,,m0fs,Muzammil Murtaza,,mw69,VERO
,,,,,mw69,Mwendwa Mbithi,,n707,VERO
,,,,,n707,Naoki Nakagawa,,t0b4,VERO
,,,,,t0b4,Naoki Tajima,,h0j1,VERO
,,,,,h0j1,Naoya Honda,,r0ek,VERO
,,,,,r0ek,Natan Rodrigues,,b0qd,VERO
,,,,,b0qd,Nathan Anthony Barki,,c0t8,VERO
,,,,,c0t8,Nathan Cox,,ph67,VERO
,,,,,ph67,Nathan Ponwith,,t0fw,VERO
,,,,,t0fw,Nathan Trouve,,d0o8,VERO
,,,,,d0o8,Nav Dayal,,o0ad,VERO
,,,,,o0ad,Neil Oberleitner,,m0de,VERO
,,,,,m0de,Nemanja Malesevic,,n0da,VERO
,,,,,n0da,Neo Niedner,,f840,VERO
,,,,,f840,Nerman Fatic,,mw37,VERO
,,,,,mw37,Nicaise Muamba,,b0jl,VERO
,,,,,b0jl,Niccolo Baroni,,c0c1,VERO
,,,,,c0c1,Niccolo Catini,,c0ko,VERO
,,,,,c0ko,Niccolò Ciavarella,,i0a7,VERO
,,,,,i0a7,Nicholas David Ionel,,g0jc,VERO
,,,,,g0jc,Nicholas Godsick,,s1bn,VERO
,,,,,s1bn,Nicholas Steiglehner,,cf10,VERO
,,,,,cf10,Nick Chappell,,h0a4,VERO
,,,,,h0a4,Nick Hardt,,ke17,VERO
,,,,,ke17,Nick Kyrgios,,h0i7,VERO
,,,,,h0i7,Nico Hipfl,,i0bw,VERO
,,,,,i0bw,Nicola Ion,,ki74,VERO
,,,,,ki74,Nicola Kuhn,,r0b3,VERO
,,,,,r0b3,Nicola Rispoli,,s1be,VERO
,,,,,s1be,Nicola Senn,,b0u4,VERO
,,,,,b0u4,Nicolai Budkov Kjaer,,a09u,VERO
,,,,,a09u,Nicolas Alvarez Varona,,a0k3,VERO
,,,,,a0k3,Nicolas Arseneault,,b0yb,VERO
,,,,,b0yb,Nicolas Baena,,bc76,VERO
,,,,,bc76,Nicolas Barrientos,,bu64,VERO
,,,,,bu64,Nicolas Bruna,,r0er,VERO
,,,,,r0er,Nicolas Esteban Rico Arias,,g0kv,VERO
,,,,,g0kv,Nicolas Garcia Longo,,h0gm,VERO
,,,,,h0gm,Nicolas Hollender,,h0mb,VERO
,,,,,h0mb,Nicolas Hurtado Novoa,,k0lx,VERO
,,,,,k0lx,Nicolas Ian Kotzen,,i0br,VERO
,,,,,i0br,Nicolas Ifi,,j0dl,VERO
,,,,,j0dl,Nicolas Jadoun,,j551,VERO
,,,,,j551,Nicolas Jarry,,kc29,VERO
,,,,,kc29,Nicolas Kicker,,k0jb,VERO
,,,,,k0jb,Nicolas Kobelt,,m0aw,VERO
,,,,,m0aw,Nicolas Mejia,,mw18,VERO
,,,,,mw18,Nicolas Moreno De Alboran,,o0cl,VERO
,,,,,o0cl,Nicolas Oliveira,,pm12,VERO
,,,,,pm12,Nicolas Parizzia,,g0j6,VERO
,,,,,g0j6,Nicolas Rafael Goldberg Alviani,,r0i9,VERO
,,,,,r0i9,Nicolas Robert,,t0bd,VERO
,,,,,t0bd,Nicolas Tepmahc,,v0f6,VERO
,,,,,v0f6,Nicolas Villalon,,z0by,VERO
,,,,,z0by,Nicolas Zanellato,,t0hw,VERO
,,,,,t0hw,Nicolo Toffanin,,le38,VERO
,,,,,le38,Niels Lootsma,,m0xq,VERO
,,,,,m0xq,Niels McDonald,,v0c2,VERO
,,,,,v0c2,Niels Peter Van Noord,,r0lr,VERO
,,,,,r0lr,Niels Ratiu,,v0d0,VERO
,,,,,v0d0,Niels Visker,,m0s4,VERO
,,,,,m0s4,Nik Mikovic,,b0v0,VERO
,,,,,b0v0,Nikita Bilozertsev,,i0b1,VERO
,,,,,i0b1,Nikita Ianin,,mw62,VERO
,,,,,mw62,Nikita Mashtakov,,f0hz,VERO
,,,,,f0hz,Nikita Samuel Filin,,v0d2,VERO
,,,,,v0d2,Nikita Volonski,,g0ci,VERO
,,,,,g0ci,Niklas Guttau,,n0gp,VERO
,,,,,n0gp,Niklas Niggemann,,sz36,VERO
,,,,,sz36,Niklas Schell,,w0br,VERO
,,,,,w0br,Niklas Waldner,,b0hd,VERO
,,,,,b0hd,Nikola Basic,,d0jh,VERO
,,,,,d0jh,Nikola Djosic,,d0m5,VERO
,,,,,d0m5,Nikola Djukic Valera,,j0ed,VERO
,,,,,j0ed,Nikola Jovic,,s0kg,VERO
,,,,,s0kg,Nikola Slavic,,b0w9,VERO
,,,,,b0w9,Nikolai Barsukov,,s0gz,VERO
,,,,,s0gz,Nikolas Sanchez Izquierdo,,s1dh,VERO
,,,,,s1dh,Nikolas Stoot,,v0bd,VERO
,,,,,v0bd,Nikolay Vylegzhanin,,bg23,VERO
,,,,,bg23,Nikoloz Basilashvili,,l0hq,VERO
,,,,,l0hq,Nikos Lehmann,,e0bo,VERO
,,,,,e0bo,Nino Ehrenschneider,,sp80,VERO
,,,,,sp80,Nino Serdarusic,,b0nn,VERO
,,,,,b0nn,Nishesh Basavareddy,,sy50,VERO
,,,,,sy50,Nitin Kumar Sinha,,v0es,VERO
,,,,,v0es,Noa Vukadin,,b0wt,VERO
,,,,,b0wt,Noah Brownrigg,,j0fk,VERO
,,,,,j0fk,Noah Johnston,,k0n9,VERO
,,,,,k0n9,Noah Karma,,l0g1,VERO
,,,,,l0g1,Noah Lopez,,l0ju,VERO
,,,,,l0ju,Noah Lopez Cherubino,,m1a4,VERO
,,,,,m1a4,Noah Martens,,p0jk,VERO
,,,,,p0jk,Noah Perfetti,,r0hd,VERO
,,,,,r0hd,Noah Regas Luis,,s0jb,VERO
,,,,,s0jb,Noah Schachter,,s0sn,VERO
,,,,,s0sn,Noah Schlagenhauf,,t0dn,VERO
,,,,,t0dn,Noah Thurner,,z0ce,VERO
,,,,,z0ce,Noah Zamora,,l0ch,VERO
,,,,,l0ch,Noel Larwig,,n0bl,VERO
,,,,,n0bl,Noppadol Noikor,,gb93,VERO
,,,,,gb93,Norbert Gombos,,m0wk,VERO
,,,,,m0wk,Norbert Marosik,,k0mb,VERO
,,,,,k0mb,Noritaka Koizumi,,d643,VERO
,,,,,d643,Novak Djokovic,,n0dh,VERO
,,,,,n0dh,Novak Novakovic,,bt72,VERO
,,,,,bt72,Nuno Borges,,s0v8,VERO
,,,,,s0v8,Ofek Shimanov,,m0ur,VERO
,,,,,m0ur,Ognjen Milic,,p0it,VERO
,,,,,p0it,Olaf Pieczkowski,,pl64,VERO
,,,,,pl64,Oleg Prihodko,,o0be,VERO
,,,,,o0be,Oleksandr Ovcharenko,,k0dp,VERO
,,,,,k0dp,Oleksii Krutykh,,ad23,VERO
,,,,,ad23,Oliver Anderson,,s1fs,VERO
,,,,,s1fs,Oliver Andre Solis Encinas,,b0vf,VERO
,,,,,b0vf,Oliver Bonding,,c0ak,VERO
,,,,,c0ak,Oliver Crawford,,j0bu,VERO
,,,,,j0bu,Oliver Johansson,,o0ci,VERO
,,,,,o0ci,Oliver Ojakaar,,o0bc,VERO
,,,,,o0bc,Oliver Okonkwo,,t0gr,VERO
,,,,,t0gr,Oliver Tarvet,,w0bu,VERO
,,,,,w0bu,Olle Wallin,,b0mi,VERO
,,,,,b0mi,Omar Brigida,,j553,VERO
,,,,,j553,Omar Jasika,,h0ds,VERO
,,,,,h0ds,Ondrej Horak,,k0ho,VERO
,,,,,k0ho,Orel Kimhi,,v0gg,VERO
,,,,,v0gg,Oren Vasser,,f0fp,VERO
,,,,,f0fp,Oriol Font,,rb60,VERO
,,,,,rb60,Oriol Roca Batalla,,lf26,VERO
,,,,,lf26,Orlando Luz,,b0zk,VERO
,,,,,b0zk,Oscar Brown,,gc17,VERO
,,,,,gc17,Oscar Jose Gutierrez,,l0je,VERO
,,,,,l0je,Oscar Lacides,,m0es,VERO
,,,,,m0es,Oscar Moraing,,o449,VERO
,,,,,o449,Oscar Otte,,p0g7,VERO
,,,,,p0g7,Oscar Pinto Sansano,,w0ax,VERO
,,,,,w0ax,Oscar Weightman,,p0in,VERO
,,,,,p0in,Oskar Brostrom Poulsen,,g0mb,VERO
,,,,,g0mb,Oskar Grzegorzewski,,j0e3,VERO
,,,,,j0e3,Oskar Jansson,,e0d6,VERO
,,,,,e0d6,Oskari Eerola,,p0n6,VERO
,,,,,p0n6,Oskari Paldanius,,r0mh,VERO
,,,,,r0mh,Oswaldo Alejandro Reyes Tirado,,v0am,VERO
,,,,,v0am,Otto Virtanen,,c0hx,VERO
,,,,,c0hx,Ozan Baris,,a0lf,VERO
,,,,,a0lf,Pablo Aunion,,cd85,VERO
,,,,,cd85,Pablo Carreno Busta,,l0cx,VERO
,,,,,l0cx,Pablo Llamas Ruiz,,m0o6,VERO
,,,,,m0o6,Pablo Martinez Gomez,,m0j2,VERO
,,,,,m0j2,Pablo Masjuan Ginel,,r0mo,VERO
,,,,,r0mo,Pablo Robledo,,t0hs,VERO
,,,,,t0hs,Pablo Trochu,,ag64,VERO
,,,,,ag64,Parth Aggarwal,,a714,VERO
,,,,,a714,Patricio Alvarado,,b0nv,VERO
,,,,,b0nv,Patrick Brady,,j0fd,VERO
,,,,,j0fd,Patrick Jozwicki,,k0a3,VERO
,,,,,k0a3,Patrick Kypson,,m0re,VERO
,,,,,m0re,Patrick Maloney,,s0wx,VERO
,,,,,s0wx,Patrick Schoen,,z09f,VERO
,,,,,z09f,Patrick Zahraj,,h0ie,VERO
,,,,,h0ie,Patrik Homola,,m0x3,VERO
,,,,,m0x3,Patrik Munkhammar,,n754,VERO
,,,,,n754,Patrik Niklas-Salminen,,t0j0,VERO
,,,,,t0j0,Patrik Trhac,,b0py,VERO
,,,,,b0py,Paul Barbier Gazeu,,i0b6,VERO
,,,,,i0b6,Paul Inchauspe,,j0a4,VERO
,,,,,j0a4,Paul Jubb,,s0iv,VERO
,,,,,s0iv,Paulo Andre Saraiva Dos Santos,,k09f,VERO
,,,,,k09f,Pavel Kotov,,l0n0,VERO
,,,,,l0n0,Pavel Lagutin,,m0te,VERO
,,,,,m0te,Pavle Marinkov,,t0ge,VERO
,,,,,t0ge,Pavlos Tsitsipas,,cf60,VERO
,,,,,cf60,Pawel Juszczak,,s0vo,VERO
,,,,,s0vo,Pawit Sornlaksup,,d0kr,VERO
,,,,,d0kr,Pedro Andre De Almeida Santos,,a0es,VERO
,,,,,a0es,Pedro Araujo,,b0fi,VERO
,,,,,b0fi,Pedro Boscardin Dias,,cg04,VERO
,,,,,cg04,Pedro Cachin,,c0to,VERO
,,,,,c0to,Pedro Henrique Chabalgoity,,mo44,VERO
,,,,,mo44,Pedro Martinez,,r0h2,VERO
,,,,,r0h2,Pedro Rodenas,,r0jh,VERO
,,,,,r0jh,Pedro Rodrigues,,sl94,VERO
,,,,,sl94,Pedro Sakamoto,,v09t,VERO
,,,,,v09t,Pedro Vives Marcos,,p0id,VERO
,,,,,p0id,Peetu Pohjola,,l0cs,VERO
,,,,,l0cs,Pengyu Lu,,c0sw,VERO
,,,,,c0sw,Penn Charusorn,,b0tk,VERO
,,,,,b0tk,Pepijn Bastiaansen,,j0cs,VERO
,,,,,j0cs,Petar Jovanovic,,a0l4,VERO
,,,,,a0l4,Peter Alam,,p0gp,VERO
,,,,,p0gp,Peter Benjamin Privara,,bp79,VERO
,,,,,bp79,Peter Bertran,,b0pd,VERO
,,,,,b0pd,Peter Buldorini,,f0dp,VERO
,,,,,f0dp,Peter Fajta,,m0dy,VERO
,,,,,m0dy,Peter Makk,,s0gw,VERO
,,,,,s0gw,Peter Sallay,,b0lq,VERO
,,,,,b0lq,Petr Bar Biryukov,,b0ov,VERO
,,,,,b0ov,Petr Brunclik,,mi33,VERO
,,,,,mi33,Petr Michnev,,n0cj,VERO
,,,,,n0cj,Petr Nesterov,,tg77,VERO
,,,,,tg77,Petros Tsitsipas,,h0bf,VERO
,,,,,h0bf,Philip Henning,,h0ce,VERO
,,,,,h0ce,Philip Hjorth,,s0ti,VERO
,,,,,s0ti,Philip Sekulic,,r0lq,VERO
,,,,,r0lq,Philippe Renard,,j0dk,VERO
,,,,,j0dk,Phillip Jordan,,p0mh,VERO
,,,,,p0mh,Photos Photiades,,b0vx,VERO
,,,,,b0vx,Pierluigi Basile,,f0j3,VERO
,,,,,f0j3,Pierre Antoine Faut,,t0fo,VERO
,,,,,t0fo,Pierre Antoine Tailleu,,d0db,VERO
,,,,,d0db,Pierre Delage,,n0h3,VERO
,,,,,n0h3,Pierre Ngijol Carre,,b0m3,VERO
,,,,,b0m3,Pierre Yves Bailly,,h996,VERO
,,,,,h996,Pierre-Hugues Herbert,,p0nt,VERO
,,,,,p0nt,Piet Luis Pinter,,d0lk,VERO
,,,,,d0lk,Pieter De Lange,,f0bp,VERO
,,,,,f0bp,Pietro Fellin,,g0qr,VERO
,,,,,g0qr,Pietro Gava,,m0k2,VERO
,,,,,m0k2,Pietro Marino,,p0hl,VERO
,,,,,p0hl,Pietro Pampanin,,s0i7,VERO
,,,,,s0i7,Pietro Romeo Scomparin,,v0fd,VERO
,,,,,v0fd,Pijus Vaitiekunas,,m0ea,VERO
,,,,,m0ea,Pol Martin Tiffon,,k0js,VERO
,,,,,k0js,Pranav Kumar,,b0g6,VERO
,,,,,b0g6,Preston Brown,,s0tt,VERO
,,,,,s0tt,Preston Stearns,,s0jv,VERO
,,,,,s0jv,Qian Sun,,w0ez,VERO
,,,,,w0ez,Qiulin Wang,,hb64,VERO
,,,,,hb64,Quentin Halys,,v0dg,VERO
,,,,,v0dg,Quinn Vandecasteele,,m0n2,VERO
,,,,,m0n2,Radovan Michalik,,a829,VERO
,,,,,a829,Radu Albot,,t0jz,VERO
,,,,,t0jz,Radu David Turcanu,,p0fj,VERO
,,,,,p0fj,Radu Mihai Papoe,,g0qs,VERO
,,,,,g0qs,Rafael Augusto Garcia Finetto,,d0jm,VERO
,,,,,d0jm,Rafael De Alba,,g0f9,VERO
,,,,,g0f9,Rafael Giotis,,i09u,VERO
,,,,,i09u,Rafael Izquierdo Luque,,j0dz,VERO
,,,,,j0dz,Rafael Jodar,,k0h9,VERO
,,,,,k0h9,Rafael Kis Balazs,,s0tz,VERO
,,,,,s0tz,Rafael Segado Esteve,,t0ch,VERO
,,,,,t0ch,Rafael Tosetto,,j0af,VERO
,,,,,j0af,Raghav Jaisinghani,,d0ef,VERO
,,,,,d0ef,Rahul Dhokia,,s1fv,VERO
,,,,,s1fv,Rajat Shirur,,o0eo,VERO
,,,,,o0eo,Ramazan Kaan Oktay,,a0li,VERO
,,,,,a0li,Ramiro Amarilla,,rb56,VERO
,,,,,rb56,Ramkumar Ramanathan,,c0jp,VERO
,,,,,c0jp,Raphael Collignon,,p0mg,VERO
,,,,,p0mg,Raphael Perot,,v0i5,VERO
,,,,,v0i5,Raphael Vaksmann,,p0ms,VERO
,,,,,p0ms,Rares Teodor Pieleanu,,bv24,VERO
,,,,,bv24,Raul Brancaccio,,b0pu,VERO
,,,,,b0pu,Reda Bennani,,f0e0,VERO
,,,,,f0e0,Reece Falck,,sy72,VERO
,,,,,sy72,Reese Stalder,,s0uv,VERO
,,,,,s0uv,Rei Sakamoto,,j0fs,VERO
,,,,,j0fs,Reid Jarvis,,o522,VERO
,,,,,o522,Reilly Opelka,,k0m3,VERO
,,,,,k0m3,Rein Koenders,,bu70,VERO
,,,,,bu70,Remy Bertola,,d0or,VERO
,,,,,d0or,Remy Dugardin,,n786,VERO
,,,,,n786,Ren Nakamura,,td55,VERO
,,,,,td55,Renta Tokuda,,o376,VERO
,,,,,o376,Renzo Olivo,,s19t,VERO
,,,,,s19t,Rethin Pranav Senthil Kumar,,l0o2,VERO
,,,,,l0o2,Rhys Lawlor,,n0gm,VERO
,,,,,n0gm,Ricard Novell,,be90,VERO
,,,,,be90,Ricardas Berankis,,rb00,VERO
,,,,,rb00,Ricardo Rodriguez - Pace,,a0nu,VERO
,,,,,a0nu,Richard Antoni,,g628,VERO
,,,,,g628,Richard Gasquet,,z0b7,VERO
,,,,,z0b7,Richard Zusman,,tg30,VERO
,,,,,tg30,Rigele Te,,n0fs,VERO
,,,,,n0fs,Rihards Neimanis,,t0gs,VERO
,,,,,t0gs,Riku Takahata,,h0bh,VERO
,,,,,h0bh,Rinky Hijikata,,n09u,VERO
,,,,,n09u,Rio Noguchi,,rh87,VERO
,,,,,rh87,Rishi Reddy,,j0d3,VERO
,,,,,j0d3,Roan Jones,,g0kq,VERO
,,,,,g0kq,Robert Guna,,s0gv,VERO
,,,,,s0gv,Robert Strombachs,,bd06,VERO
,,,,,bd06,Roberto Bautista Agut,,cf59,VERO
,,,,,cf59,Roberto Carballes Baena,,cf88,VERO
,,,,,cf88,Roberto Cid Subervi,,f0gr,VERO
,,,,,f0gr,Roberto Ferrer Guimaraes,,p0no,VERO
,,,,,p0no,Roberto Perez Socas,,b0jj,VERO
,,,,,b0jj,Robin Bertrand,,c0jt,VERO
,,,,,c0jt,Robin Catry,,p0gd,VERO
,,,,,p0gd,Rocco Piatti,,v0hb,VERO
,,,,,v0hb,Rocco Valente,,j417,VERO
,,,,,j417,Rodolfo Jauregui Sainz de Rozas,,a0kh,VERO
,,,,,a0kh,Rodrigo Alujas,,f0hb,VERO
,,,,,f0hb,Rodrigo Fernandes,,p0j1,VERO
,,,,,p0j1,Rodrigo Pacheco Mendez,,r0if,VERO
,,,,,r0if,Rodrigo Reyna,,p0k3,VERO
,,,,,p0k3,Roger Pascual Ferra,,m0n5,VERO
,,,,,m0n5,Rohan Mehra,,m0or,VERO
,,,,,m0or,Rohan Murali,,a0mm,VERO
,,,,,a0mm,Romain Andres,,f0f0,VERO
,,,,,f0f0,Romain Faucon,,g0gf,VERO
,,,,,g0gf,Romain Gales,,b0fv,VERO
,,,,,b0fv,Roman Andres Burruchaga,,k0ob,VERO
,,,,,k0ob,Roman Kharlamov,,p0dh,VERO
,,,,,p0dh,Roman Postolka,,sx50,VERO
,,,,,sx50,Roman Safiullin,,a0k7,VERO
,,,,,a0k7,Romeo Arcuschin,,h0cu,VERO
,,,,,h0cu,Ronald Hohmann,,k0oy,VERO
,,,,,k0oy,Ronit Karki,,m0ac,VERO
,,,,,m0ac,Rudolf Molleker,,q02o,VERO
,,,,,q02o,Rudy Quan,,s0yj,VERO
,,,,,s0yj,Ruslan Serazhetdinov,,t0gk,VERO
,,,,,t0gk,Ruslan Tiukaev,,a0iq,VERO
,,,,,a0iq,Ryan Augusto Dos Santos,,c0kv,VERO
,,,,,c0kv,Ryan Colby,,d0in,VERO
,,,,,d0in,Ryan Dickerson,,f0hi,VERO
,,,,,f0hi,Ryan Fishback,,h624,VERO
,,,,,h624,Ryan Haviland,,sy31,VERO
,,,,,sy31,Ryan James Storrie,,n0b4,VERO
,,,,,n0b4,Ryan Nijboer,,ph78,VERO
,,,,,ph78,Ryan Peniston,,s0dl,VERO
,,,,,s0dl,Ryan Seggerman,,t0la,VERO
,,,,,t0la,Ryan Torres,,j0au,VERO
,,,,,j0au,Ryder Jackson,,t0k1,VERO
,,,,,t0k1,Ryo Tabata,,tg46,VERO
,,,,,tg46,Ryota Tanuma,,t0ia,VERO
,,,,,t0ia,Ryotaro Taguchi,,mm67,VERO
,,,,,mm67,Ryotero Matsumura,,m0g0,VERO
,,,,,m0g0,Ryuki Matsuda,,h0bp,VERO
,,,,,h0bp,Ryusuke Horiuchi,,dh23,VERO
,,,,,dh23,S D Prajwal Dev,,ba98,VERO
,,,,,ba98,S. Bolelli,,j0eq,VERO
,,,,,j0eq,Saahith Jayaraman,,n0et,VERO
,,,,,n0et,Saba George Nanobashvili,,p0ea,VERO
,,,,,p0ea,Saba Purtseladze,,g0h0,VERO
,,,,,g0h0,Sai Karteek Reddy Ganta,,t0ja,VERO
,,,,,t0ja,Saki Tange,,m0xg,VERO
,,,,,m0xg,Salvador Monteiro,,p0lg,VERO
,,,,,p0lg,Salvador Price,,r0dp,VERO
,,,,,r0dp,Sam Ryan Ziegann,,b0i6,VERO
,,,,,b0i6,Samir Banerjee,,h0ez,VERO
,,,,,h0ez,Samir Hamza Reguig,,i308,VERO
,,,,,i308,Samir Iftikhar,,l0ld,VERO
,,,,,l0ld,Samuel Alejandro Linde Palacios,,b0dq,VERO
,,,,,b0dq,Samuel Brosset,,h0hu,VERO
,,,,,h0hu,Samuel Heredia,,s0vy,VERO
,,,,,s0vy,Samuel Stolarik,,v0di,VERO
,,,,,v0di,Samuel Vincent Ruggeri,,p0hy,VERO
,,,,,p0hy,Samuele Pieri,,s0vz,VERO
,,,,,s0vz,Samuele Seghetti,,k0f3,VERO
,,,,,k0f3,Samuil Konov,,e0d3,VERO
,,,,,e0d3,Samyar Elyasi,,j0cu,VERO
,,,,,j0cu,Sander Jong,,d0kn,VERO
,,,,,d0kn,Sandesh Dattatray Kurale,,k0cj,VERO
,,,,,k0cj,Sandro Kopp,,s09p,VERO
,,,,,s09p,Sanhui Shin,,d0dk,VERO
,,,,,d0dk,Santiago De La Fuente,,g0j4,VERO
,,,,,g0j4,Santiago Giamichelle,,l0gx,VERO
,,,,,l0gx,Santiago Lora,,rh59,VERO
,,,,,rh59,Santiago Rodriguez Taverna,,ad04,VERO
,,,,,ad04,Sarp Agabigun,,s0xw,VERO
,,,,,s0xw,Sarthak Suden,,m0r8,VERO
,,,,,m0r8,Sasa Markovic,,g0gw,VERO
,,,,,g0gw,Sascha Gueymard Wayenburg,,c0ui,VERO
,,,,,c0ui,Sasha Colleu,,i0be,VERO
,,,,,i0be,Saveliy Ivanov,,d0cf,VERO
,,,,,d0cf,Savriyan Danilov,,p0b6,VERO
,,,,,p0b6,Savva Polukhin,,r0mi,VERO
,,,,,r0mi,Savva Rybkin,,j0a6,VERO
,,,,,j0a6,Scott Jones,,c0jx,VERO
,,,,,c0jx,Sean Cuenin,,h0gj,VERO
,,,,,h0gj,Sean Hess,,h0aa,VERO
,,,,,h0aa,Sean Hodkin,,b0bi,VERO
,,,,,b0bi,Sebastian Baez,,d0fh,VERO
,,,,,d0fh,Sebastian Dominguez,,d0i0,VERO
,,,,,d0i0,Sebastian Dominko,,e0ci,VERO
,,,,,e0ci,Sebastian Eriksson,,f664,VERO
,,,,,f664,Sebastian Fanselow,,g0eq,VERO
,,,,,g0eq,Sebastian Gima,,g0jj,VERO
,,,,,g0jj,Sebastian Gorzny,,j0f8,VERO
,,,,,j0f8,Sebastian Grundtvig Jorgensen,,k0ah,VERO
,,,,,k0ah,Sebastian Korda,,o513,VERO
,,,,,o513,Sebastian Ofner,,pl38,VERO
,,,,,pl38,Sebastian Prechtel,,s0qz,VERO
,,,,,s0qz,Sebastian Sorger,,c0s4,VERO
,,,,,c0s4,Sebastiano Cocola,,g0l1,VERO
,,,,,g0l1,Segundo Goity Zapico,,w0aj,VERO
,,,,,w0aj,Seita Watanabe,,n0ec,VERO
,,,,,n0ec,Seiya Nakanishi,,bh02,VERO
,,,,,bh02,Sekou Bangoura,,p0ka,VERO
,,,,,p0ka,Semen Pankin,,c0nx,VERO
,,,,,c0nx,Seongwoo Cho,,h0dp,VERO
,,,,,h0dp,Seonyong Han,,bd82,VERO
,,,,,bd82,Sergey Betov,,f0a3,VERO
,,,,,f0a3,Sergey Fomin,,p0pc,VERO
,,,,,p0pc,Sergey Petrov,,f0go,VERO
,,,,,f0go,Sergi Fita Juan,,pi96,VERO
,,,,,pi96,Sergi Perez Contri,,b0sl,VERO
,,,,,b0sl,Sergio Badini,,c0p0,VERO
,,,,,c0p0,Sergio Callejon Hernando,,i419,VERO
,,,,,i419,Sergio Ingles Garre,,hh08,VERO
,,,,,hh08,Sergio Luis Hernandez Ramirez,,p0ou,VERO
,,,,,p0ou,Sergio Planella Hernandez,,p0mf,VERO
,,,,,p0mf,Seungmin Park,,a0ie,VERO
,,,,,a0ie,Seydina Andre,,l0k1,VERO
,,,,,l0k1,Shaoyun Liu,,t0a0,VERO
,,,,,t0a0,Sheng Tang,,h0ba,VERO
,,,,,h0ba,Shinji Hazawa,,i330,VERO
,,,,,i330,Shintaro Imai,,m0hu,VERO
,,,,,m0hu,Shintaro Mochizuki,,z0e1,VERO
,,,,,z0e1,Shixun Zhu,,k907,VERO
,,,,,k907,Sho Katayama,,sy67,VERO
,,,,,sy67,Sho Shimabukuro,,m0rc,VERO
,,,,,m0rc,Shu Matsuoka,,m0wd,VERO
,,,,,m0wd,Shu Muto,,m0na,VERO
,,,,,m0na,Shunsuke Mitsui,,n0ct,VERO
,,,,,n0ct,Shunsuke Nakagawa,,b0a2,VERO
,,,,,b0a2,Siddhant Banthia,,va48,VERO
,,,,,va48,Siddharth Vishwakarma,,rb86,VERO
,,,,,rb86,Sidharth Rawat,,m0y6,VERO
,,,,,m0y6,Silvio Mencaglia,,s1ar,VERO
,,,,,s1ar,Simeon Stankovic,,b0c3,VERO
,,,,,b0c3,Simon Beaupain,,r0bn,VERO
,,,,,r0bn,Simon Reveniau,,a0i0,VERO
,,,,,a0i0,Simone Agostini,,m1bv,VERO
,,,,,m1bv,Simone Massellani,,m0cy,VERO
,,,,,m0cy,Siphosothando Montsi,,a0l1,VERO
,,,,,a0l1,Siwanat Auytayakul,,kf17,VERO
,,,,,kf17,Soonwoo Kwon,,f965,VERO
,,,,,f965,Sora Fukuda,,j0f2,VERO
,,,,,j0f2,Spencer Johnson,,w367,VERO
,,,,,w367,Stan Wawrinka,,a0j5,VERO
,,,,,a0j5,Stefan Adrian Andreescu,,c0np,VERO
,,,,,c0np,Stefan Cooper,,d0d4,VERO
,,,,,d0d4,Stefan Dostanic,,h0l4,VERO
,,,,,h0l4,Stefan Horia Haita,,p0qk,VERO
,,,,,p0qk,Stefan Ilie Bogdan Petre,,ke64,VERO
,,,,,ke64,Stefan Kozlov,,l0c6,VERO
,,,,,l0c6,Stefan Latinovic,,mw03,VERO
,,,,,mw03,Stefan Menichella,,p0cy,VERO
,,,,,p0cy,Stefan Palosi,,p0g5,VERO
,,,,,p0g5,Stefan Popovic,,sg13,VERO
,,,,,sg13,Stefan Seifert,,s0if,VERO
,,,,,s0if,Stefan Storch,,va31,VERO
,,,,,va31,Stefan Vujic,,d0d9,VERO
,,,,,d0d9,Stefano D'Agostino,,n679,VERO
,,,,,n679,Stefano Napolitano,,ta12,VERO
,,,,,ta12,Stefano Travaglia,,s0kt,VERO
,,,,,s0kt,Stefanos Sakellaridis,,te51,VERO
,,,,,te51,Stefanos Tsitsipas,,b0mf,VERO
,,,,,b0mf,Stepan Baum,,k0lc,VERO
,,,,,k0lc,Stephane Pierre-Jo Kamendje,,s1cl,VERO
,,,,,s1cl,Stephen Slocombe,,p0fz,VERO
,,,,,p0fz,Stevan Popovic,,d916,VERO
,,,,,d916,Steven Diez,,k0lp,VERO
,,,,,k0lp,Stian Klaassen,,p0mi,VERO
,,,,,p0mi,Stijn Paardekooper,,p0gf,VERO
,,,,,p0gf,Stijn Pel,,s0e6,VERO
,,,,,s0e6,Stijn Slump,,kg27,VERO
,,,,,kg27,Strong Kirchheimer,,p0bk,VERO
,,,,,p0bk,Stuart Parker,,c0l4,VERO
,,,,,c0l4,Stylianos Christodoulou,,a0jp,VERO
,,,,,a0jp,Suk Ann,,c0gw,VERO
,,,,,c0gw,Suk Hyun Choo,,n897,VERO
,,,,,n897,Sumit Nagal,,s0jw,VERO
,,,,,s0jw,Sungbeen Sim,,c0k4,VERO
,,,,,c0k4,Sven Corbinais,,g0j9,VERO
,,,,,g0j9,Svyatoslav Gulin,,z0cr,VERO
,,,,,z0cr,Sydney Zick,,k0hb,VERO
,,,,,k0hb,Szymon Kielan,,p0bm,VERO
,,,,,p0bm,Tadeas Paroulek,,m0vx,VERO
,,,,,m0vx,Tadeo Meneo,,r0ds,VERO
,,,,,r0ds,Tadija Radovanovic,,b0d6,VERO
,,,,,b0d6,Taha Baadi,,s0u5,VERO
,,,,,s0u5,Tai Sach,,i0a6,VERO
,,,,,i0a6,Taisei Ichikawa,,y0a8,VERO
,,,,,y0a8,Taiyo Yamanaka,,y0ab,VERO
,,,,,y0ab,Takeru Yuzuki,,t0ba,VERO
,,,,,t0ba,Taketo Takamisawa,,k0de,VERO
,,,,,k0de,Takuya Kumasaka,,gj37,VERO
,,,,,gj37,Tallon Griekspoor,,g0en,VERO
,,,,,g0en,Tanguy Genier,,e0em,VERO
,,,,,e0em,Tarek Erlewein,,da81,VERO
,,,,,da81,Taro Daniel,,fb98,VERO
,,,,,fb98,Taylor Fritz,,a0hm,VERO
,,,,,a0hm,Taym Al Azmeh,,d0o2,VERO
,,,,,d0o2,Teodor Davidov,,a0gc,VERO
,,,,,a0gc,Terence Atmane,,kd35,VERO
,,,,,kd35,Thai-Son Kwiatkowski,,c0ds,VERO
,,,,,c0ds,Thanapet Chanta,,b0w7,VERO
,,,,,b0w7,Thanaphat Boosarawongse,,kd46,VERO
,,,,,kd46,Thanasi Kokkinakis,,l0co,VERO
,,,,,l0co,Thando Longwe-Smit,,s0mj,VERO
,,,,,s0mj,Thantub Suksumrarn,,h0if,VERO
,,,,,h0if,Theo Herrmann,,p0k5,VERO
,,,,,p0k5,Theo Papamalamis,,d0n2,VERO
,,,,,d0n2,Theodore Dean,,p0p1,VERO
,,,,,p0p1,Thiago Agustin Pernas,,t0a1,VERO
,,,,,t0a1,Thiago Agustin Tirante,,c0gk,VERO
,,,,,c0gk,Thiago Cigarran,,mj08,VERO
,,,,,mj08,Thiago Monteiro,,sx91,VERO
,,,,,sx91,Thiago Seyboth Wild,,l0fv,VERO
,,,,,l0fv,Thijmen Loof,,b0t6,VERO
,,,,,b0t6,Thijs Boogaard,,b0jn,VERO
,,,,,b0jn,Thomas Braithwaite,,d0fy,VERO
,,,,,d0fy,Thomas Deschamps,,d0me,VERO
,,,,,d0me,Thomas Drayton,,fa50,VERO
,,,,,fa50,Thomas Fancutt,,f0ho,VERO
,,,,,f0ho,Thomas Faurel,,g0nu,VERO
,,,,,g0nu,Thomas Gerbaud,,g0q8,VERO
,,,,,g0q8,Thomas Gunzinger,,k0jr,VERO
,,,,,k0jr,Thomas Kostka,,g0ki,VERO
,,,,,g0ki,Thomas Nicholas Gadecki,,cn88,VERO
,,,,,cn88,Tiago Cacao,,p0k4,VERO
,,,,,p0k4,Tiago Pereira,,s0to,VERO
,,,,,s0to,Tiago Silva,,t0cn,VERO
,,,,,t0cn,Tiago Torres,,z0d1,VERO
,,,,,z0d1,Tianhui Zhang,,c0i4,VERO
,,,,,c0i4,Tibo Colson,,b0yc,VERO
,,,,,b0yc,Tighe Brunetti,,k0kl,VERO
,,,,,k0kl,Tilen Kovac,,h0eh,VERO
,,,,,h0eh,Tim Handel,,l0go,VERO
,,,,,l0go,Tim Loosen,,rh45,VERO
,,,,,rh45,Tim Ruehl,,t0jj,VERO
,,,,,t0jj,Timeo Trufelli,,l0er,VERO
,,,,,l0er,Timo Legout,,d0l8,VERO
,,,,,d0l8,Timofei Derepasko,,s0gr,VERO
,,,,,s0gr,Timofey Skatov,,s0so,VERO
,,,,,s0so,Timofey Stepanov,,c0uu,VERO
,,,,,c0uu,Tito Chavez,,d0dw,VERO
,,,,,d0dw,Titouan Droguet,,b0wx,VERO
,,,,,b0wx,Tobia Costanzo Baragiola Mordini,,g0kz,VERO
,,,,,g0kz,Tobia Grandinetti,,k0eu,VERO
,,,,,k0eu,Toby Kodat,,ml51,VERO
,,,,,ml51,Toby Martin,,s0tm,VERO
,,,,,s0tm,Toby Samuel,,g0ib,VERO
,,,,,g0ib,Tom Gentzsch,,h0d8,VERO
,,,,,h0d8,Tom Hands,,p0gn,VERO
,,,,,p0gn,Tom Paris,,s0zh,VERO
,,,,,s0zh,Tom Sickenberger,,z09g,VERO
,,,,,z09g,Tom Zeuch,,bs86,VERO
,,,,,bs86,Tomas Barrios Vera,,cn44,VERO
,,,,,cn44,Tomas Curras Abasolo,,d0oh,VERO
,,,,,d0oh,Tomas Dummer Macedo,,f0bv,VERO
,,,,,f0bv,Tomas Farjat,,l0nq,VERO
,,,,,l0nq,Tomas Jordi Leston,,l0ga,VERO
,,,,,l0ga,Tomas Lanik,,m0fh,VERO
,,,,,m0fh,Tomas Machac,,m19s,VERO
,,,,,m19s,Tomas Marin,,ea24,VERO
,,,,,ea24,Tomas Martin Etcheverry,,m0qq,VERO
,,,,,m0qq,Tomas Martinez,,p0ih,VERO
,,,,,p0ih,Tomas Pinho,,rh76,VERO
,,,,,rh76,Tomas Rengel Sierra,,l0cu,VERO
,,,,,l0cu,Tomas Serrano Luis,,z0e8,VERO
,,,,,z0e8,Tomas Zurmendi,,b0p4,VERO
,,,,,b0p4,Tomasz Berkieta,,pl60,VERO
,,,,,pl60,Tomislav Edward Papac,,c0bb,VERO
,,,,,c0bb,Tommaso Compagnucci,,pl56,VERO
,,,,,pl56,Tommy Paul,,mv39,VERO
,,,,,mv39,Tomohiro Masabayashi,,a0ip,VERO
,,,,,a0ip,Toprak Avcibasi,,h0ad,VERO
,,,,,h0ad,Toru Horie,,k0oq,VERO
,,,,,k0oq,Toshiki Karigyo,,sy94,VERO
,,,,,sy94,Toufik Sahtali,,s0vm,VERO
,,,,,s0vm,Trevor Svajda,,h0b7,VERO
,,,,,h0b7,Trey Hilderbrand,,b0ej,VERO
,,,,,b0ej,Tristan Boyer,,lc11,VERO
,,,,,lc11,Tristan Lamasine,,m0eg,VERO
,,,,,m0eg,Tristan McCormick,,s0n0,VERO
,,,,,s0n0,Tristan Schoolkate,,s1ap,VERO
,,,,,s1ap,Tristan Stringer,,h0b5,VERO
,,,,,h0b5,Tsung-Hao Huang,,w0f3,VERO
,,,,,w0f3,Tsz Fu Wong,,b0u1,VERO
,,,,,b0u1,Tudor Batin,,d0io,VERO
,,,,,d0io,Tuncay Duran,,w857,VERO
,,,,,w857,Tung-Lin Wu,,h0li,VERO
,,,,,h0li,Ty Host,,b0qa,VERO
,,,,,b0qa,Tyler Bowers,,s0ik,VERO
,,,,,s0ik,Tyler Stice,,z0ak,VERO
,,,,,z0ak,Tyler Zink,,b0sw,VERO
,,,,,b0sw,Tymur Bieldiugin,,k0mv,VERO
,,,,,k0mv,Udit Kamboj,,bv16,VERO
,,,,,bv16,Ugo Blanchet,,hh26,VERO
,,,,,hh26,Ugo Humbert,,p0av,VERO
,,,,,p0av,Uisung Park,,i236,VERO
,,,,,i236,Uladzimir Ignatik,,u0ai,VERO
,,,,,u0ai,Vaal Urankar,,k0jm,VERO
,,,,,k0jm,Vadym Konovchuk,,u176,VERO
,,,,,u176,Vadym Ursu,,p0io,VERO
,,,,,p0io,Valdemar Frederik Pape,,b0nf,VERO
,,,,,b0nf,Valentin Basel,,g0lf,VERO
,,,,,g0lf,Valentin Garay,,g0ot,VERO
,,,,,g0ot,Valentin Guadagno,,k0mi,VERO
,,,,,k0mi,Valentin Kopeikin,,l0ev,VERO
,,,,,l0ev,Valentin Lapalu,,r0eb,VERO
,,,,,r0eb,Valentin Royer,,va25,VERO
,,,,,va25,Valentin Vacherot,,va67,VERO
,,,,,va67,Valentin Vanta,,c0qw,VERO
,,,,,c0qw,Valentino Conte,,g0nc,VERO
,,,,,g0nc,Valentino Grippo,,a0g7,VERO
,,,,,a0g7,Valerio Aboian,,m0tn,VERO
,,,,,m0tn,Vardan Manukyan,,l0fz,VERO
,,,,,l0fz,Vasco Leote Prata,,ce80,VERO
,,,,,ce80,Vasilios Caripi,,k0i0,VERO
,,,,,k0i0,Veljko Krstic,,a0g9,VERO
,,,,,a0g9,Vesa Ahti,,b0ll,VERO
,,,,,b0ll,Viacheslav Bielinskyi,,o0c9,VERO
,,,,,o0c9,Viacheslav Ovchinnikov,,m1a0,VERO
,,,,,m1a0,Vicente Menezes Freda,,m0yc,VERO
,,,,,m0yc,Vicente Monge,,b0re,VERO
,,,,,b0re,Victor Barrere,,b0na,VERO
,,,,,b0na,Victor Braga,,r0l5,VERO
,,,,,r0l5,Victor Hugo Remondy Pagotto,,l0g8,VERO
,,,,,l0g8,Victor Lilov,,g0q1,FALSO
,,,,,a0e2,View All,,dc76,FALSO
,,,,,g0q1,Vignesh Gogineni,,f0i5,FALSO
,,,,,dc76,Viktor Durasovic,,j0cm,FALSO
,,,,,f0i5,Viktor Frydrych,,m0rf,FALSO
,,,,,j0cm,Viktor Jovic,,g0fw,FALSO
,,,,,m0rf,Viktor Markov,,d0nd,FALSO
,,,,,g0fw,Vilius Gaubas,,r0nm,FALSO
,,,,,d0nd,Vincent Dullinger,,m0v7,FALSO
,,,,,r0nm,Vincent Jakob Reisach,,v505,FALSO
,,,,,m0v7,Vincent Marysko,,k0lg,FALSO
,,,,,v505,Vishnu Vardhan,,ki82,FALSO
,,,,,k0lg,Vit Kalina,,ss25,FALSO
,,,,,ki82,Vit Kopriva,,z0ct,FALSO
,,,,,ss25,Vitaliy Sachko,,d0b1,FALSO
,,,,,z0ct,Vitaliy Zatsepin,,t0hm,FALSO
,,,,,d0b1,Vito Dell'Elba,,b0p7,FALSO
,,,,,t0hm,Vito Tonejc,,t0e2,FALSO
,,,,,b0p7,Vlad Cristian Breazu,,b0p5,FALSO
,,,,,t0e2,Vladan Tadic,,h0k8,FALSO
,,,,,b0p5,Vladimir Bazilevskiy,,m0dq,FALSO
,,,,,h0k8,Vladimir Holban,,j0f0,FALSO
,,,,,m0dq,Vladislav Melnic,,o659,FALSO
,,,,,j0f0,Vlado Jankanj,,g0ou,FALSO
,,,,,o659,Vladyslav Orlov,,i0bn,FALSO
,,,,,g0ou,Volodymyr Gurenko,,r0io,FALSO
,,,,,i0bn,Volodymyr Iakubenko,,td06,FALSO
,,,,,r0io,Vuk Radjenovic,,a0ey,FALSO
,,,,,td06,Vullnet Tashi,,x01e,FALSO
,,,,,a0ey,Walid Ahouda,,p0os,FALSO
,,,,,x01e,Weitao Xu,,k0nh,FALSO
,,,,,p0os,Weiwen Pan,,f0io,FALSO
,,,,,k0nh,Weiyi Kong,,m0uo,FALSO
,,,,,f0io,Wen Bo Fan,,g0dd,FALSO
,,,,,m0uo,Will Mayew,,j0ct,FALSO
,,,,,g0dd,William Grant,,m0r9,FALSO
,,,,,j0ct,William Jansen,,n0d6,FALSO
,,,,,m0r9,William Mirarchi,,r0iu,FALSO
,,,,,n0d6,William Nolan,,z0e5,FALSO
,,,,,r0iu,William Rejchtman Vinciguerra,,la54,FALSO
,,,,,z0e5,William Zhang,,tb70,FALSO
,,,,,la54,Wilson Leite,,a0gq,FALSO
,,,,,tb70,Wishaya Trongcharoenchaikul,,s0in,FALSO
,,,,,a0gq,Wissam Abderrahman,,l0lu,FALSO
,,,,,s0in,Woobin Shin,,l0o4,FALSO
,,,,,l0lu,Woong Bi Lee,,p0q2,FALSO
,,,,,l0o4,Woong Chan Lee,,f0ij,FALSO
,,,,,p0q2,Xavi Palomar,,w0b3,FALSO
,,,,,f0ij,Xavier Ferrer Mateo,,y0bg,FALSO
,,,,,w0b3,Xiaofei Wang,,c0pk,FALSO
,,,,,y0bg,Xiaoyin Yang,,h0k1,FALSO
,,,,,c0pk,Xing Dao Chen,,y0bm,FALSO
,,,,,h0k1,Xirui Han,,be69,FALSO
,,,,,y0bm,Yamato Yukawa,,c0pw,FALSO
,,,,,be69,Yan Bai,,m0ka,FALSO
,,,,,c0pw,Yan Cheng Chen,,g0lg,FALSO
,,,,,m0ka,Yanaki Milev,,e0aa,FALSO
,,,,,g0lg,Yanis Ghazouani Durand,,h997,FALSO
,,,,,e0aa,Yanki Erel,,a0m2,FALSO
,,,,,h997,Yannick Hanfmann,,k0j9,FALSO
,,,,,a0m2,Yannick Theodor Alexandrescou,,r0j0,FALSO
,,,,,k0j9,Yannik Kelm,,z0c7,FALSO
,,,,,r0j0,Yannik Rahman,,sk97,FALSO
,,,,,z0c7,Yaojie Zeng,,d0i6,FALSO
,,,,,sk97,Yaraslav Shyla,,w0g4,FALSO
,,,,,d0i6,Yaroslav Demin,,d0fa,FALSO
,,,,,w0g4,Yassin Ahmed Wageh,,s0jk,FALSO
,,,,,d0fa,Yassine Dlimi,,u134,FALSO
,,,,,s0jk,Yassine Smiej,,l0i8,FALSO
,,,,,u134,Yasutaka Uchiyama,,c0tq,FALSO
,,,,,l0i8,Yazid Lahjomri,,m0bw,FALSO
,,,,,c0tq,Ye Chen,,h0jb,FALSO
,,,,,m0bw,Ye Cong Mo,,j09j,FALSO
,,,,,h0jb,Ye Hongyu,,j0e8,FALSO
,,,,,j09j,Yeong-Seok Jeong,,z0cq,FALSO
,,,,,j0e8,Yeonsu Jeong,,wb32,FALSO
,,,,,z0cq,Yi Zhou,,i0cd,FALSO
,,,,,wb32,Yibing Wu,,p0o3,FALSO
,,,,,i0cd,Ymerali Ibraimi,,n732,FALSO
,,,,,p0o3,Yong Joon Park,,s1c0,FALSO
,,,,,n732,Yoshihito Nishioka,,wb08,FALSO
,,,,,s1c0,Yoshka Sborowsky,,l0ck,FALSO
,,,,,wb08,Yosuke Watanuki,,k0d6,FALSO
,,,,,l0ck,Younes Lalami,,o674,FALSO
,,,,,k0d6,Yousaf Khalil,,h09f,FALSO
,,,,,o674,Yshai Oliel,,t0is,FALSO
,,,,,h09f,Yu Hsiou Hsu,,t0ix,FALSO
,,,,,t0is,Yu Tanaka,,ki64,FALSO
,,,,,t0ix,Yua Taka,,i416,FALSO
,,,,,ki64,Yuhei Kono,,m0b2,FALSO
,,,,,i416,Yuichiro Inui,,ch90,FALSO
,,,,,m0b2,Yuki Mochizuki,,y09v,FALSO
,,,,,ch90,Yun seong Chung,,j0cw,FALSO
,,,,,y09v,Yunchaokete Bu,,j0ak,FALSO
,,,,,j0cw,Yunseok Jang,,db32,FALSO
,,,,,j0ak,Yuquan Jin,,k0cv,FALSO
,,,,,db32,Yurii Dzhavakian,,k0es,FALSO
,,,,,k0cv,Yusuf Khamis,,tf58,FALSO
,,,,,k0es,Yusuke Kusuhara,,y276,FALSO
,,,,,tf58,Yusuke Takahashi,,k0ak,FALSO
,,,,,y276,Yusuke Yoshikawa,,k0ez,FALSO
,,,,,k0ak,Yuta Kawahashi,,s0aq,FALSO
,,,,,k0ez,Yuta Kikuchi,,t0j8,FALSO
,,,,,s0aq,Yuta Shimizu,,o0e1,FALSO
,,,,,t0j8,Yuta Tomida,,c0e6,FALSO
,,,,,o0e1,Yuto Oki,,h0m7,FALSO
,,,,,c0e6,Yuttana Charoenphon,,s0yi,FALSO
,,,,,h0m7,Yuya Hirose,,s0k7,FALSO
,,,,,s0yi,Zach Stephens,,s19y,FALSO
,,,,,s0k7,Zachary Svajda,,n0gn,FALSO
,,,,,s19y,Zane Stevens,,kh56,FALSO
,,,,,n0gn,Zangar Nurlanuly,,l0c4,FALSO
,,,,,kh56,Zdenek Kolar,,z0cv,FALSO
,,,,,l0c4,Zekai Li,,l733,FALSO
,,,,,z0cv,Zhan Zheng,,s1aa,FALSO
,,,,,l733,Zhe Li,,d0c3,FALSO
,,,,,s1aa,Zhengyu Sun,,z371,FALSO
,,,,,d0c3,Zhenxiong Dong,,m0hl,FALSO
,,,,,z371,Zhizhen Zhang,,s1aj,FALSO
,,,,,m0hl,Zhou Mingzhou,,bu13,FALSO
,,,,,s1aj,Ziga Sesko,,l0jo,FALSO
,,,,,bu13,Zizou Bergs,,p09o,FALSO
,,,,,l0jo,Zoran Ludoski,,v0e1,FALSO
,,,,,p09o,Zsombor Piros,,t0ag,FALSO
,,,,,v0e1,Zsombor Velcz,,m0td,FALSO
,,,,,t0ag,Zura Tkemaladze,,,
,,,,,m0td,thomas Menzel,,,
